name|symb|Cat_mcap|Cat_rank|Cat_price.USD|Cat_price.BTC|Cat_supply
Bitcoin|BTC|(1e+09,1.2e+11]|(0,10]|(1e+03,1e+04]|(0.05,1.01]|(1e+07,5e+07]
Ethereum|ETH|(1e+09,1.2e+11]|(0,10]|(100,500]|(0.05,1.01]|(1e+08,5e+08]
XRP|XRP|(1e+09,1.2e+11]|(0,10]|(0.25,0.5]|(5e-05,0.0001]|(1e+10,1e+12]
BitcoinCash|BCH|(1e+09,1.2e+11]|(0,10]|(500,1e+03]|(0.05,1.01]|(1e+07,5e+07]
EOS|EOS|(1e+09,1.2e+11]|(0,10]|(1,10]|(0.001,0.01]|(5e+08,1e+09]
Litecoin|LTC|(1e+09,1.2e+11]|(0,10]|(25,100]|(0.01,0.05]|(5e+07,1e+08]
Stellar|XLM|(1e+09,1.2e+11]|(0,10]|(0.1,0.25]|(1e-05,5e-05]|(1e+10,1e+12]
Cardano|ADA|(1e+09,1.2e+11]|(0,10]|(0.1,0.25]|(1e-05,5e-05]|(1e+10,1e+12]
IOTA|MIOTA|(1e+09,1.2e+11]|(0,10]|(1,10]|(0.0001,0.001]|(1e+09,1e+10]
NEO|NEO|(1e+09,1.2e+11]|(0,10]|(25,100]|(0.001,0.01]|(5e+07,1e+08]
Tether|USDT|(1e+09,1.2e+11]|(10,25]|(1,10]|(0.0001,0.001]|(1e+09,1e+10]
TRON|TRX|(1e+09,1.2e+11]|(10,25]|(0.03,0.1]|(5e-06,1e-05]|(1e+10,1e+12]
Monero|XMR|(1e+09,1.2e+11]|(10,25]|(100,500]|(0.01,0.05]|(1e+07,5e+07]
Dash|DASH|(1e+09,1.2e+11]|(10,25]|(100,500]|(0.01,0.05]|(0,1e+07]
EthereumClassic|ETC|(1e+09,1.2e+11]|(10,25]|(10,25]|(0.001,0.01]|(1e+08,5e+08]
NEM|XEM|(1e+09,1.2e+11]|(10,25]|(0.1,0.25]|(1e-05,5e-05]|(1e+09,1e+10]
BinanceCoin|BNB|(1e+09,1.2e+11]|(10,25]|(10,25]|(0.001,0.01]|(1e+08,5e+08]
Tezos|XTZ|(1e+09,1.2e+11]|(10,25]|(1,10]|(0.0001,0.001]|(5e+08,1e+09]
VeChain|VEN|(1e+09,1.2e+11]|(10,25]|(1,10]|(0.0001,0.001]|(5e+08,1e+09]
OmiseGO|OMG|(5e+08,1e+09]|(10,25]|(1,10]|(0.001,0.01]|(1e+08,5e+08]
Qtum|QTUM|(5e+08,1e+09]|(10,25]|(1,10]|(0.001,0.01]|(5e+07,1e+08]
Zcash|ZEC|(5e+08,1e+09]|(10,25]|(100,500]|(0.01,0.05]|(0,1e+07]
Ontology|ONT|(5e+08,1e+09]|(10,25]|(1,10]|(0.0001,0.001]|(1e+08,5e+08]
ICON|ICX|(5e+08,1e+09]|(10,25]|(1,10]|(0.0001,0.001]|(1e+08,5e+08]
Zilliqa|ZIL|(5e+08,1e+09]|(10,25]|(0.03,0.1]|(1e-05,5e-05]|(1e+09,1e+10]
Lisk|LSK|(5e+08,1e+09]|(25,50]|(1,10]|(0.0001,0.001]|(1e+08,5e+08]
Bytecoin|BCN|(5e+08,1e+09]|(25,50]|(0,0.03]|(0,1e-06]|(1e+10,1e+12]
0x|ZRX|(5e+08,1e+09]|(25,50]|(0.5,1]|(0.0001,0.001]|(5e+08,1e+09]
BitcoinGold|BTG|(5e+08,1e+09]|(25,50]|(25,100]|(0.001,0.01]|(1e+07,5e+07]
Aeternity|AE|(5e+08,1e+09]|(25,50]|(1,10]|(0.0001,0.001]|(1e+08,5e+08]
Decred|DCR|(1e+08,5e+08]|(25,50]|(25,100]|(0.001,0.01]|(0,1e+07]
BitShares|BTS|(1e+08,5e+08]|(25,50]|(0.1,0.25]|(1e-05,5e-05]|(1e+09,1e+10]
BitcoinDiamond|BCD|(1e+08,5e+08]|(25,50]|(1,10]|(0.0001,0.001]|(1e+08,5e+08]
Steem|STEEM|(1e+08,5e+08]|(25,50]|(1,10]|(0.0001,0.001]|(1e+08,5e+08]
DigiByte|DGB|(1e+08,5e+08]|(25,50]|(0.03,0.1]|(5e-06,1e-05]|(1e+10,1e+12]
Verge|XVG|(1e+08,5e+08]|(25,50]|(0,0.03]|(1e-06,5e-06]|(1e+10,1e+12]
Siacoin|SC|(1e+08,5e+08]|(25,50]|(0,0.03]|(1e-06,5e-06]|(1e+10,1e+12]
Maker|MKR|(1e+08,5e+08]|(25,50]|(500,1e+03]|(0.05,1.01]|(0,1e+07]
Bytom|BTM|(1e+08,5e+08]|(25,50]|(0.25,0.5]|(5e-05,0.0001]|(1e+09,1e+10]
Augur|REP|(1e+08,5e+08]|(25,50]|(25,100]|(0.001,0.01]|(1e+07,5e+07]
PundiX|NPXS|(1e+08,5e+08]|(25,50]|(0,0.03]|(0,1e-06]|(1e+10,1e+12]
Nano|NANO|(1e+08,5e+08]|(25,50]|(1,10]|(0.0001,0.001]|(1e+08,5e+08]
Waves|WAVES|(1e+08,5e+08]|(25,50]|(1,10]|(0.0001,0.001]|(5e+07,1e+08]
Dogecoin|DOGE|(1e+08,5e+08]|(25,50]|(0,0.03]|(0,1e-06]|(1e+10,1e+12]
Golem|GNT|(1e+08,5e+08]|(25,50]|(0.25,0.5]|(5e-05,0.0001]|(5e+08,1e+09]
Populous|PPT|(1e+08,5e+08]|(25,50]|(1,10]|(0.001,0.01]|(1e+07,5e+07]
RChain|RHOC|(1e+08,5e+08]|(25,50]|(0.5,1]|(0.0001,0.001]|(1e+08,5e+08]
Status|SNT|(1e+08,5e+08]|(25,50]|(0.03,0.1]|(1e-05,5e-05]|(1e+09,1e+10]
BasicAttenti...|BAT|(1e+08,5e+08]|(25,50]|(0.25,0.5]|(1e-05,5e-05]|(5e+08,1e+09]
Wanchain|WAN|(1e+08,5e+08]|(25,50]|(1,10]|(0.0001,0.001]|(1e+08,5e+08]
KuCoinShares|KCS|(1e+08,5e+08]|(50,100]|(1,10]|(0.0001,0.001]|(5e+07,1e+08]
Hshare|HSR|(1e+08,5e+08]|(50,100]|(1,10]|(0.0001,0.001]|(1e+07,5e+07]
Stratis|STRAT|(1e+08,5e+08]|(50,100]|(1,10]|(0.0001,0.001]|(5e+07,1e+08]
Mixin|XIN|(1e+08,5e+08]|(50,100]|(500,1e+03]|(0.05,1.01]|(0,1e+07]
Waltonchain|WTC|(1e+08,5e+08]|(50,100]|(1,10]|(0.001,0.01]|(1e+07,5e+07]
IOST|IOST|(1e+08,5e+08]|(50,100]|(0,0.03]|(1e-06,5e-06]|(1e+09,1e+10]
BitcoinPrivate|BTCP|(1e+08,5e+08]|(50,100]|(10,25]|(0.001,0.01]|(1e+07,5e+07]
Nebulas|NAS|(1e+08,5e+08]|(50,100]|(1,10]|(0.0001,0.001]|(1e+07,5e+07]
DigixDAO|DGD|(1e+08,5e+08]|(50,100]|(100,500]|(0.01,0.05]|(0,1e+07]
Loopring|LRC|(1e+08,5e+08]|(50,100]|(0.25,0.5]|(1e-05,5e-05]|(5e+08,1e+09]
Aion|AION|(1e+08,5e+08]|(50,100]|(1,10]|(0.0001,0.001]|(1e+08,5e+08]
HuobiToken|HT|(1e+08,5e+08]|(50,100]|(1,10]|(0.0001,0.001]|(5e+07,1e+08]
Mithril|MITH|(1e+08,5e+08]|(50,100]|(0.5,1]|(5e-05,0.0001]|(1e+08,5e+08]
aelf|ELF|(1e+08,5e+08]|(50,100]|(0.5,1]|(5e-05,0.0001]|(1e+08,5e+08]
Komodo|KMD|(1e+08,5e+08]|(50,100]|(1,10]|(0.0001,0.001]|(1e+08,5e+08]
Ardor|ARDR|(1e+08,5e+08]|(50,100]|(0.1,0.25]|(1e-05,5e-05]|(5e+08,1e+09]
MaidSafeCoin|MAID|(1e+08,5e+08]|(50,100]|(0.25,0.5]|(5e-05,0.0001]|(1e+08,5e+08]
Bancor|BNT|(1e+08,5e+08]|(50,100]|(1,10]|(0.0001,0.001]|(5e+07,1e+08]
GXChain|GXS|(1e+08,5e+08]|(50,100]|(1,10]|(0.0001,0.001]|(5e+07,1e+08]
Ark|ARK|(1e+08,5e+08]|(50,100]|(1,10]|(0.0001,0.001]|(1e+08,5e+08]
LoomNetwork|LOOM|(1e+08,5e+08]|(50,100]|(0.25,0.5]|(1e-05,5e-05]|(5e+08,1e+09]
FunFair|FUN|(1e+08,5e+08]|(50,100]|(0,0.03]|(1e-06,5e-06]|(1e+09,1e+10]
Gas|GAS|(1e+08,5e+08]|(50,100]|(10,25]|(0.001,0.01]|(1e+07,5e+07]
ReddCoin|RDD|(1e+08,5e+08]|(50,100]|(0,0.03]|(0,1e-06]|(1e+10,1e+12]
MonaCoin|MONA|(1e+08,5e+08]|(50,100]|(1,10]|(0.0001,0.001]|(5e+07,1e+08]
KyberNetwork|KNC|(1e+08,5e+08]|(50,100]|(1,10]|(0.0001,0.001]|(1e+08,5e+08]
Monaco|MCO|(1e+08,5e+08]|(50,100]|(1,10]|(0.001,0.01]|(1e+07,5e+07]
CyberMiles|CMT|(1e+08,5e+08]|(50,100]|(0.1,0.25]|(1e-05,5e-05]|(5e+08,1e+09]
Veritaseum|VERI|(1e+08,5e+08]|(50,100]|(25,100]|(0.001,0.01]|(0,1e+07]
Dentacoin|DCN|(1e+08,5e+08]|(50,100]|(0,0.03]|(0,1e-06]|(1e+10,1e+12]
Emercoin|EMC|(1e+08,5e+08]|(50,100]|(1,10]|(0.0001,0.001]|(1e+07,5e+07]
Ethos|ETHOS|(1e+08,5e+08]|(50,100]|(1,10]|(0.0001,0.001]|(5e+07,1e+08]
Cryptonex|CNX|(1e+08,5e+08]|(50,100]|(1,10]|(0.0001,0.001]|(1e+07,5e+07]
Elastos|ELA|(1e+08,5e+08]|(50,100]|(10,25]|(0.001,0.01]|(0,1e+07]
Cortex|CTXC|(1e+08,5e+08]|(50,100]|(0.5,1]|(0.0001,0.001]|(1e+08,5e+08]
PIVX|PIVX|(1e+08,5e+08]|(50,100]|(1,10]|(0.0001,0.001]|(5e+07,1e+08]
Polymath|POLY|(1e+08,5e+08]|(50,100]|(0.25,0.5]|(5e-05,0.0001]|(1e+08,5e+08]
Dropil|DROP|(1e+08,5e+08]|(50,100]|(0,0.03]|(0,1e-06]|(1e+10,1e+12]
MOAC|MOAC|(1e+08,5e+08]|(50,100]|(1,10]|(0.0001,0.001]|(1e+07,5e+07]
Decentraland|MANA|(1e+08,5e+08]|(50,100]|(0.1,0.25]|(1e-05,5e-05]|(1e+09,1e+10]
Enigma|ENG|(1e+08,5e+08]|(50,100]|(1,10]|(0.0001,0.001]|(5e+07,1e+08]
Kin|KIN|(1e+08,5e+08]|(50,100]|(0,0.03]|(0,1e-06]|(1e+10,1e+12]
WAX|WAX|(1e+08,5e+08]|(50,100]|(0.1,0.25]|(1e-05,5e-05]|(5e+08,1e+09]
ThetaToken|THETA|(1e+08,5e+08]|(50,100]|(0.1,0.25]|(1e-05,5e-05]|(5e+08,1e+09]
PowerLedger|POWR|(1e+08,5e+08]|(50,100]|(0.25,0.5]|(1e-05,5e-05]|(1e+08,5e+08]
QASH|QASH|(1e+08,5e+08]|(50,100]|(0.25,0.5]|(1e-05,5e-05]|(1e+08,5e+08]
Factom|FCT|(1e+08,5e+08]|(50,100]|(10,25]|(0.001,0.01]|(0,1e+07]
Nuls|NULS|(5e+07,1e+08]|(50,100]|(1,10]|(0.0001,0.001]|(1e+07,5e+07]
SmartCash|SMART|(5e+07,1e+08]|(50,100]|(0.03,0.1]|(1e-05,5e-05]|(1e+09,1e+10]
ZCoin|XZC|(5e+07,1e+08]|(50,100]|(10,25]|(0.001,0.01]|(0,1e+07]
Nxt|NXT|(5e+07,1e+08]|(100,200]|(0.03,0.1]|(1e-05,5e-05]|(5e+08,1e+09]
Electroneum|ETN|(5e+07,1e+08]|(100,200]|(0,0.03]|(1e-06,5e-06]|(1e+09,1e+10]
Paypex|PAYX|(5e+07,1e+08]|(100,200]|(1,10]|(0.0001,0.001]|(5e+07,1e+08]
BiboxToken|BIX|(5e+07,1e+08]|(100,200]|(0.5,1]|(0.0001,0.001]|(1e+08,5e+08]
ZenCash|ZEN|(5e+07,1e+08]|(100,200]|(10,25]|(0.001,0.01]|(0,1e+07]
Centrality|CENNZ|(5e+07,1e+08]|(100,200]|(0.1,0.25]|(1e-05,5e-05]|(5e+08,1e+09]
WaykiChain|WICC|(5e+07,1e+08]|(100,200]|(0.5,1]|(5e-05,0.0001]|(1e+08,5e+08]
Substratum|SUB|(5e+07,1e+08]|(100,200]|(0.1,0.25]|(1e-05,5e-05]|(1e+08,5e+08]
Scry.info|DDD|(5e+07,1e+08]|(100,200]|(0.25,0.5]|(1e-05,5e-05]|(1e+08,5e+08]
Game.com|GTC|(5e+07,1e+08]|(100,200]|(0.1,0.25]|(1e-05,5e-05]|(5e+08,1e+09]
Syscoin|SYS|(5e+07,1e+08]|(100,200]|(0.1,0.25]|(1e-05,5e-05]|(5e+08,1e+09]
Storm|STORM|(5e+07,1e+08]|(100,200]|(0,0.03]|(1e-06,5e-06]|(1e+09,1e+10]
TrueUSD|TUSD|(5e+07,1e+08]|(100,200]|(1,10]|(0.0001,0.001]|(5e+07,1e+08]
ChainLink|LINK|(5e+07,1e+08]|(100,200]|(0.1,0.25]|(1e-05,5e-05]|(1e+08,5e+08]
MatrixAINet...|MAN|(5e+07,1e+08]|(100,200]|(0.5,1]|(5e-05,0.0001]|(1e+08,5e+08]
Gifto|GTO|(5e+07,1e+08]|(100,200]|(0.1,0.25]|(1e-05,5e-05]|(5e+08,1e+09]
Nexus|NXS|(5e+07,1e+08]|(100,200]|(1,10]|(0.0001,0.001]|(5e+07,1e+08]
Fusion|FSN|(5e+07,1e+08]|(100,200]|(1,10]|(0.0001,0.001]|(1e+07,5e+07]
ByteballBytes|GBYTE|(5e+07,1e+08]|(100,200]|(100,500]|(0.01,0.05]|(0,1e+07]
TenX|PAY|(5e+07,1e+08]|(100,200]|(0.5,1]|(5e-05,0.0001]|(1e+08,5e+08]
Skycoin|SKY|(5e+07,1e+08]|(100,200]|(1,10]|(0.001,0.01]|(0,1e+07]
TokenPay|TPAY|(5e+07,1e+08]|(100,200]|(1,10]|(0.0001,0.001]|(1e+07,5e+07]
Civic|CVC|(5e+07,1e+08]|(100,200]|(0.1,0.25]|(1e-05,5e-05]|(1e+08,5e+08]
SALT|SALT|(5e+07,1e+08]|(100,200]|(1,10]|(0.0001,0.001]|(5e+07,1e+08]
Dragonchain|DRGN|(5e+07,1e+08]|(100,200]|(0.25,0.5]|(1e-05,5e-05]|(1e+08,5e+08]
Iconomi|ICN|(5e+07,1e+08]|(100,200]|(0.5,1]|(0.0001,0.001]|(5e+07,1e+08]
SingularityNET|AGI|(5e+07,1e+08]|(100,200]|(0.1,0.25]|(1e-05,5e-05]|(5e+08,1e+09]
Docademic|MTC|(5e+07,1e+08]|(100,200]|(0.1,0.25]|(1e-05,5e-05]|(1e+08,5e+08]
Storj|STORJ|(5e+07,1e+08]|(100,200]|(0.5,1]|(5e-05,0.0001]|(1e+08,5e+08]
Dent|DENT|(5e+07,1e+08]|(100,200]|(0,0.03]|(0,1e-06]|(1e+10,1e+12]
BnkToTheFuture|BFT|(5e+07,1e+08]|(100,200]|(0.1,0.25]|(1e-05,5e-05]|(5e+08,1e+09]
BitcoinDark|BTCD|(5e+07,1e+08]|(100,200]|(25,100]|(0.001,0.01]|(0,1e+07]
Blocknet|BLOCK|(5e+07,1e+08]|(100,200]|(10,25]|(0.001,0.01]|(0,1e+07]
iExecRLC|RLC|(5e+07,1e+08]|(100,200]|(0.5,1]|(0.0001,0.001]|(5e+07,1e+08]
Achain|ACT|(5e+07,1e+08]|(100,200]|(0.1,0.25]|(1e-05,5e-05]|(5e+08,1e+09]
HighPerforma...|HPB|(5e+07,1e+08]|(100,200]|(1,10]|(0.0001,0.001]|(1e+07,5e+07]
ODEM|ODE|(5e+07,1e+08]|(100,200]|(0.25,0.5]|(5e-05,0.0001]|(1e+08,5e+08]
Revain|R|(5e+07,1e+08]|(100,200]|(0.25,0.5]|(1e-05,5e-05]|(1e+08,5e+08]
NucleusVision|NCASH|(5e+07,1e+08]|(100,200]|(0,0.03]|(1e-06,5e-06]|(1e+09,1e+10]
Holo|HOT|(5e+07,1e+08]|(100,200]|(0,0.03]|(0,1e-06]|(1e+10,1e+12]
Nexo|NEXO|(5e+07,1e+08]|(100,200]|(0.1,0.25]|(1e-05,5e-05]|(5e+08,1e+09]
MediShares|MDS|(5e+07,1e+08]|(100,200]|(0.03,0.1]|(5e-06,1e-05]|(1e+09,1e+10]
Bluzelle|BLZ|(5e+07,1e+08]|(100,200]|(0.25,0.5]|(1e-05,5e-05]|(1e+08,5e+08]
CyberVein|CVT|(5e+07,1e+08]|(100,200]|(0.03,0.1]|(5e-06,1e-05]|(1e+09,1e+10]
TimeNewBank|TNB|(5e+07,1e+08]|(100,200]|(0,0.03]|(1e-06,5e-06]|(1e+09,1e+10]
DeepBrainChain|DBC|(5e+07,1e+08]|(100,200]|(0.03,0.1]|(5e-06,1e-05]|(1e+09,1e+10]
SantimentNet...|SAN|(5e+07,1e+08]|(100,200]|(0.5,1]|(0.0001,0.001]|(5e+07,1e+08]
SONM|SNM|(5e+07,1e+08]|(100,200]|(0.1,0.25]|(1e-05,5e-05]|(1e+08,5e+08]
Neblio|NEBL|(5e+07,1e+08]|(100,200]|(1,10]|(0.0001,0.001]|(1e+07,5e+07]
Aragon|ANT|(5e+07,1e+08]|(100,200]|(1,10]|(0.0001,0.001]|(1e+07,5e+07]
RequestNetwork|REQ|(5e+07,1e+08]|(100,200]|(0.03,0.1]|(1e-05,5e-05]|(5e+08,1e+09]
TaTaTu|TTU|(5e+07,1e+08]|(100,200]|(0.5,1]|(5e-05,0.0001]|(5e+07,1e+08]
Ignis|IGNIS|(5e+07,1e+08]|(100,200]|(0.03,0.1]|(1e-05,5e-05]|(5e+08,1e+09]
Gnosis|GNO|(5e+07,1e+08]|(100,200]|(25,100]|(0.001,0.01]|(0,1e+07]
StreamrDATAcoin|DATA|(5e+07,1e+08]|(100,200]|(0.03,0.1]|(1e-05,5e-05]|(5e+08,1e+09]
SmartMesh|SMT|(5e+07,1e+08]|(100,200]|(0.03,0.1]|(5e-06,1e-05]|(1e+09,1e+10]
Ruff|RUFF|(5e+07,1e+08]|(100,200]|(0.03,0.1]|(5e-06,1e-05]|(5e+08,1e+09]
Arcblock|ABT|(5e+07,1e+08]|(100,200]|(0.5,1]|(5e-05,0.0001]|(5e+07,1e+08]
Quantstamp|QSP|(5e+07,1e+08]|(100,200]|(0.03,0.1]|(1e-05,5e-05]|(5e+08,1e+09]
Dai|DAI|(5e+07,1e+08]|(100,200]|(0.5,1]|(0.0001,0.001]|(5e+07,1e+08]
TrueChain|TRUE|(5e+07,1e+08]|(100,200]|(1,10]|(0.0001,0.001]|(1e+07,5e+07]
Bottos|BTO|(5e+07,1e+08]|(100,200]|(0.1,0.25]|(1e-05,5e-05]|(1e+08,5e+08]
THEKEY|TKY|(5e+07,1e+08]|(100,200]|(0,0.03]|(1e-06,5e-06]|(1e+09,1e+10]
EnjinCoin|ENJ|(2.5e+07,5e+07]|(100,200]|(0.03,0.1]|(5e-06,1e-05]|(5e+08,1e+09]
Nexty|NTY|(2.5e+07,5e+07]|(100,200]|(0,0.03]|(0,1e-06]|(1e+10,1e+12]
Particl|PART|(2.5e+07,5e+07]|(100,200]|(1,10]|(0.0001,0.001]|(1e+07,5e+07]
Cindicator|CND|(2.5e+07,5e+07]|(100,200]|(0.03,0.1]|(1e-06,5e-06]|(1e+09,1e+10]
Ambrosus|AMB|(2.5e+07,5e+07]|(100,200]|(0.25,0.5]|(1e-05,5e-05]|(1e+08,5e+08]
Groestlcoin|GRS|(2.5e+07,5e+07]|(100,200]|(0.5,1]|(5e-05,0.0001]|(5e+07,1e+08]
Po.et|POE|(2.5e+07,5e+07]|(100,200]|(0,0.03]|(1e-06,5e-06]|(1e+09,1e+10]
eosDAC|EOSDAC|(2.5e+07,5e+07]|(100,200]|(0.03,0.1]|(1e-05,5e-05]|(5e+08,1e+09]
Vertcoin|VTC|(2.5e+07,5e+07]|(100,200]|(1,10]|(0.0001,0.001]|(1e+07,5e+07]
EDUCare|EKT|(2.5e+07,5e+07]|(100,200]|(0.1,0.25]|(1e-05,5e-05]|(1e+08,5e+08]
Asch|XAS|(2.5e+07,5e+07]|(100,200]|(0.25,0.5]|(5e-05,0.0001]|(5e+07,1e+08]
Selfkey|KEY|(2.5e+07,5e+07]|(100,200]|(0,0.03]|(1e-06,5e-06]|(1e+09,1e+10]
AllSports|SOC|(2.5e+07,5e+07]|(100,200]|(0.03,0.1]|(5e-06,1e-05]|(5e+08,1e+09]
POANetwork|POA|(2.5e+07,5e+07]|(100,200]|(0.1,0.25]|(1e-05,5e-05]|(1e+08,5e+08]
Storiqa|STQ|(2.5e+07,5e+07]|(100,200]|(0,0.03]|(0,1e-06]|(1e+09,1e+10]
Credits|CS|(2.5e+07,5e+07]|(100,200]|(0.25,0.5]|(1e-05,5e-05]|(1e+08,5e+08]
BLOCKv|VEE|(2.5e+07,5e+07]|(100,200]|(0,0.03]|(1e-06,5e-06]|(1e+09,1e+10]
IHTRealEsta...|IHT|(2.5e+07,5e+07]|(100,200]|(0.03,0.1]|(1e-05,5e-05]|(5e+08,1e+09]
MetaverseETP|ETP|(2.5e+07,5e+07]|(100,200]|(1,10]|(0.0001,0.001]|(1e+07,5e+07]
DynamicTradi...|DTR|(2.5e+07,5e+07]|(100,200]|(0.03,0.1]|(5e-06,1e-05]|(1e+09,1e+10]
Pillar|PLR|(2.5e+07,5e+07]|(100,200]|(0.1,0.25]|(1e-05,5e-05]|(1e+08,5e+08]
DEW|DEW|(2.5e+07,5e+07]|(100,200]|(0.25,0.5]|(5e-05,0.0001]|(1e+08,5e+08]
CRYPTO20|C20|(2.5e+07,5e+07]|(100,200]|(1,10]|(0.0001,0.001]|(1e+07,5e+07]
GenaroNetwork|GNX|(2.5e+07,5e+07]|(100,200]|(0.1,0.25]|(1e-05,5e-05]|(1e+08,5e+08]
GoChain|GO|(2.5e+07,5e+07]|(100,200]|(0.03,0.1]|(1e-05,5e-05]|(1e+08,5e+08]
Mainframe|MFT|(2.5e+07,5e+07]|(100,200]|(0,0.03]|(1e-06,5e-06]|(1e+09,1e+10]
DigitalNote|XDN|(2.5e+07,5e+07]|(100,200]|(0,0.03]|(0,1e-06]|(1e+09,1e+10]
RaidenNetwor...|RDN|(2.5e+07,5e+07]|(100,200]|(0.5,1]|(0.0001,0.001]|(5e+07,1e+08]
Cube|AUTO|(2.5e+07,5e+07]|(100,200]|(0,0.03]|(0,1e-06]|(1e+09,1e+10]
Bread|BRD|(2.5e+07,5e+07]|(100,200]|(0.25,0.5]|(5e-05,0.0001]|(5e+07,1e+08]
SIRINLABSToken|SRN|(2.5e+07,5e+07]|(100,200]|(0.1,0.25]|(1e-05,5e-05]|(1e+08,5e+08]
Tokenomy|TEN|(2.5e+07,5e+07]|(100,200]|(0.25,0.5]|(1e-05,5e-05]|(1e+08,5e+08]
SafeExchange...|SAFEX|(2.5e+07,5e+07]|(100,200]|(0,0.03]|(1e-06,5e-06]|(1e+09,1e+10]
BitcoinInterest|BCI|(2.5e+07,5e+07]|(100,200]|(1,10]|(0.0001,0.001]|(1e+07,5e+07]
Aston|ATX|(2.5e+07,5e+07]|(100,200]|(0.03,0.1]|(5e-06,1e-05]|(5e+08,1e+09]
Ubiq|UBQ|(2.5e+07,5e+07]|(100,200]|(0.5,1]|(0.0001,0.001]|(1e+07,5e+07]
Metal|MTL|(2.5e+07,5e+07]|(100,200]|(1,10]|(0.0001,0.001]|(1e+07,5e+07]
SakuraBloom|SKB|(2.5e+07,5e+07]|(200,1e+03]|(0,0.03]|(1e-06,5e-06]|(1e+09,1e+10]
SophiaTX|SPHTX|(2.5e+07,5e+07]|(200,1e+03]|(0.1,0.25]|(1e-05,5e-05]|(1e+08,5e+08]
Peercoin|PPC|(2.5e+07,5e+07]|(200,1e+03]|(1,10]|(0.0001,0.001]|(1e+07,5e+07]
Odyssey|OCN|(2.5e+07,5e+07]|(200,1e+03]|(0,0.03]|(1e-06,5e-06]|(1e+09,1e+10]
ZClassic|ZCL|(2.5e+07,5e+07]|(200,1e+03]|(1,10]|(0.001,0.01]|(0,1e+07]
BOScoin|BOS|(2.5e+07,5e+07]|(200,1e+03]|(0.03,0.1]|(1e-05,5e-05]|(1e+08,5e+08]
NKN|NKN|(2.5e+07,5e+07]|(200,1e+03]|(0.1,0.25]|(1e-05,5e-05]|(1e+08,5e+08]
GameCredits|GAME|(2.5e+07,5e+07]|(200,1e+03]|(0.5,1]|(5e-05,0.0001]|(5e+07,1e+08]
DATA|DTA|(2.5e+07,5e+07]|(200,1e+03]|(0,0.03]|(1e-06,5e-06]|(1e+09,1e+10]
DAEX|DAX|(2.5e+07,5e+07]|(200,1e+03]|(0.03,0.1]|(1e-05,5e-05]|(1e+08,5e+08]
Bitcore|BTX|(2.5e+07,5e+07]|(200,1e+03]|(1,10]|(0.0001,0.001]|(1e+07,5e+07]
Crypterium|CRPT|(2.5e+07,5e+07]|(200,1e+03]|(0.25,0.5]|(5e-05,0.0001]|(5e+07,1e+08]
ETHLend|LEND|(2.5e+07,5e+07]|(200,1e+03]|(0.03,0.1]|(1e-06,5e-06]|(1e+09,1e+10]
Edgeless|EDG|(2.5e+07,5e+07]|(200,1e+03]|(0.25,0.5]|(5e-05,0.0001]|(5e+07,1e+08]
TradeToken|TIO|(2.5e+07,5e+07]|(200,1e+03]|(0.25,0.5]|(5e-05,0.0001]|(5e+07,1e+08]
QuarkChain|QKC|(2.5e+07,5e+07]|(200,1e+03]|(0.03,0.1]|(1e-05,5e-05]|(1e+08,5e+08]
Telcoin|TEL|(2.5e+07,5e+07]|(200,1e+03]|(0,0.03]|(0,1e-06]|(1e+10,1e+12]
IoTeX|IOTX|(2.5e+07,5e+07]|(200,1e+03]|(0,0.03]|(1e-06,5e-06]|(1e+09,1e+10]
Ink|INK|(2.5e+07,5e+07]|(200,1e+03]|(0.03,0.1]|(1e-05,5e-05]|(1e+08,5e+08]
EndorProtocol|EDR|(2.5e+07,5e+07]|(200,1e+03]|(0.03,0.1]|(5e-06,1e-05]|(5e+08,1e+09]
BridgeCoin|BCO|(2.5e+07,5e+07]|(200,1e+03]|(1,10]|(0.0001,0.001]|(1e+07,5e+07]
GenesisVision|GVT|(2.5e+07,5e+07]|(200,1e+03]|(1,10]|(0.001,0.01]|(0,1e+07]
Electra|ECA|(2.5e+07,5e+07]|(200,1e+03]|(0,0.03]|(0,1e-06]|(1e+10,1e+12]
RedPulse|RPX|(2.5e+07,5e+07]|(200,1e+03]|(0.03,0.1]|(5e-06,1e-05]|(5e+08,1e+09]
Delphy|DPY|(2.5e+07,5e+07]|(200,1e+03]|(0.5,1]|(0.0001,0.001]|(1e+07,5e+07]
Stakenet|XSN|(2.5e+07,5e+07]|(200,1e+03]|(0.25,0.5]|(5e-05,0.0001]|(5e+07,1e+08]
Primecoin|XPM|(2.5e+07,5e+07]|(200,1e+03]|(1,10]|(0.0001,0.001]|(1e+07,5e+07]
Unobtanium|UNO|(2.5e+07,5e+07]|(200,1e+03]|(100,500]|(0.01,0.05]|(0,1e+07]
InternetNode...|INT|(2.5e+07,5e+07]|(200,1e+03]|(0.1,0.25]|(1e-05,5e-05]|(1e+08,5e+08]
IoTChain|ITC|(2.5e+07,5e+07]|(200,1e+03]|(0.5,1]|(5e-05,0.0001]|(5e+07,1e+08]
JibrelNetwork|JNT|(2.5e+07,5e+07]|(200,1e+03]|(0.1,0.25]|(1e-05,5e-05]|(1e+08,5e+08]
OST|OST|(2.5e+07,5e+07]|(200,1e+03]|(0.03,0.1]|(1e-05,5e-05]|(1e+08,5e+08]
TokenCard|TKN|(2.5e+07,5e+07]|(200,1e+03]|(1,10]|(0.0001,0.001]|(1e+07,5e+07]
NANJCOIN|NANJ|(2.5e+07,5e+07]|(200,1e+03]|(0,0.03]|(0,1e-06]|(1e+10,1e+12]
Burst|BURST|(2.5e+07,5e+07]|(200,1e+03]|(0,0.03]|(1e-06,5e-06]|(1e+09,1e+10]
AdEx|ADX|(2.5e+07,5e+07]|(200,1e+03]|(0.25,0.5]|(5e-05,0.0001]|(5e+07,1e+08]
OriginTrail|TRAC|(2.5e+07,5e+07]|(200,1e+03]|(0.1,0.25]|(1e-05,5e-05]|(1e+08,5e+08]
bitCNY|BITCNY|(2.5e+07,5e+07]|(200,1e+03]|(0.1,0.25]|(1e-05,5e-05]|(1e+08,5e+08]
Rock|RKT|(2.5e+07,5e+07]|(200,1e+03]|(0.03,0.1]|(1e-05,5e-05]|(1e+08,5e+08]
DistributedC...|DCC|(2.5e+07,5e+07]|(200,1e+03]|(0.03,0.1]|(1e-06,5e-06]|(5e+08,1e+09]
PCHAIN|PAI|(2.5e+07,5e+07]|(200,1e+03]|(0.03,0.1]|(5e-06,1e-05]|(1e+08,5e+08]
NavCoin|NAV|(2.5e+07,5e+07]|(200,1e+03]|(0.25,0.5]|(5e-05,0.0001]|(5e+07,1e+08]
Lympo|LYM|(2.5e+07,5e+07]|(200,1e+03]|(0.03,0.1]|(5e-06,1e-05]|(5e+08,1e+09]
Einsteinium|EMC2|(2.5e+07,5e+07]|(200,1e+03]|(0.1,0.25]|(1e-05,5e-05]|(1e+08,5e+08]
WhiteCoin|XWC|(2.5e+07,5e+07]|(200,1e+03]|(0.1,0.25]|(1e-05,5e-05]|(1e+08,5e+08]
BitBay|BAY|(2.5e+07,5e+07]|(200,1e+03]|(0,0.03]|(1e-06,5e-06]|(1e+09,1e+10]
Apex|CPX|(2.5e+07,5e+07]|(200,1e+03]|(0.03,0.1]|(5e-06,1e-05]|(1e+08,5e+08]
Eidoo|EDO|(2.5e+07,5e+07]|(200,1e+03]|(0.5,1]|(0.0001,0.001]|(1e+07,5e+07]
LitecoinCash|LCC|(2.5e+07,5e+07]|(200,1e+03]|(0.03,0.1]|(5e-06,1e-05]|(5e+08,1e+09]
LGOExchange|LGO|(2.5e+07,5e+07]|(200,1e+03]|(0.1,0.25]|(1e-05,5e-05]|(1e+08,5e+08]
KickCoin|KICK|(2.5e+07,5e+07]|(200,1e+03]|(0.03,0.1]|(5e-06,1e-05]|(1e+08,5e+08]
SwftCoin|SWFTC|(2.5e+07,5e+07]|(200,1e+03]|(0,0.03]|(1e-06,5e-06]|(1e+09,1e+10]
SpankChain|SPANK|(2.5e+07,5e+07]|(200,1e+03]|(0.03,0.1]|(1e-05,5e-05]|(1e+08,5e+08]
Ternio|TERN|(2.5e+07,5e+07]|(200,1e+03]|(0.03,0.1]|(1e-05,5e-05]|(1e+08,5e+08]
FairCoin|FAIR|(2.5e+07,5e+07]|(200,1e+03]|(0.5,1]|(5e-05,0.0001]|(5e+07,1e+08]
Eximchain|EXC|(2.5e+07,5e+07]|(200,1e+03]|(0.25,0.5]|(5e-05,0.0001]|(5e+07,1e+08]
RipioCredit...|RCN|(2.5e+07,5e+07]|(200,1e+03]|(0.03,0.1]|(5e-06,1e-05]|(1e+08,5e+08]
Viacoin|VIA|(2.5e+07,5e+07]|(200,1e+03]|(1,10]|(0.0001,0.001]|(1e+07,5e+07]
BrahmaOS|BRM|(2.5e+07,5e+07]|(200,1e+03]|(0.03,0.1]|(5e-06,1e-05]|(5e+08,1e+09]
RepublicProt...|REN|(2.5e+07,5e+07]|(200,1e+03]|(0.03,0.1]|(5e-06,1e-05]|(5e+08,1e+09]
Quantum|QAU|(2.5e+07,5e+07]|(200,1e+03]|(0.25,0.5]|(5e-05,0.0001]|(5e+07,1e+08]
SaluS|SLS|(2.5e+07,5e+07]|(200,1e+03]|(25,100]|(0.001,0.01]|(0,1e+07]
Wagerr|WGR|(2.5e+07,5e+07]|(200,1e+03]|(0.1,0.25]|(1e-05,5e-05]|(1e+08,5e+08]
QuantumResis...|QRL|(2.5e+07,5e+07]|(200,1e+03]|(0.25,0.5]|(5e-05,0.0001]|(5e+07,1e+08]
Gulden|NLG|(2.5e+07,5e+07]|(200,1e+03]|(0.03,0.1]|(5e-06,1e-05]|(1e+08,5e+08]
district0x|DNT|(2.5e+07,5e+07]|(200,1e+03]|(0.03,0.1]|(5e-06,1e-05]|(5e+08,1e+09]
SingularDTV|SNGLS|(1e+07,2.5e+07]|(200,1e+03]|(0.03,0.1]|(5e-06,1e-05]|(5e+08,1e+09]
0chain|ZCN|(1e+07,2.5e+07]|(200,1e+03]|(0.5,1]|(5e-05,0.0001]|(1e+07,5e+07]
PRIZM|PZM|(1e+07,2.5e+07]|(200,1e+03]|(0.5,1]|(0.0001,0.001]|(1e+07,5e+07]
PayPie|PPP|(1e+07,2.5e+07]|(200,1e+03]|(0.25,0.5]|(1e-05,5e-05]|(5e+07,1e+08]
AirSwap|AST|(1e+07,2.5e+07]|(200,1e+03]|(0.1,0.25]|(1e-05,5e-05]|(1e+08,5e+08]
TomoChain|TOMO|(1e+07,2.5e+07]|(200,1e+03]|(0.25,0.5]|(5e-05,0.0001]|(5e+07,1e+08]
MinexCoin|MNX|(1e+07,2.5e+07]|(200,1e+03]|(1,10]|(0.0001,0.001]|(0,1e+07]
Linda|LINDA|(1e+07,2.5e+07]|(200,1e+03]|(0,0.03]|(0,1e-06]|(1e+09,1e+10]
TokenClub|TCT|(1e+07,2.5e+07]|(200,1e+03]|(0.03,0.1]|(5e-06,1e-05]|(1e+08,5e+08]
FuzeX|FXT|(1e+07,2.5e+07]|(200,1e+03]|(0.03,0.1]|(1e-06,5e-06]|(5e+08,1e+09]
Universa|UTNP|(1e+07,2.5e+07]|(200,1e+03]|(0,0.03]|(1e-06,5e-06]|(1e+09,1e+10]
BABB|BAX|(1e+07,2.5e+07]|(200,1e+03]|(0,0.03]|(0,1e-06]|(1e+10,1e+12]
CloakCoin|CLOAK|(1e+07,2.5e+07]|(200,1e+03]|(1,10]|(0.0001,0.001]|(0,1e+07]
SteemDollars|SBD|(1e+07,2.5e+07]|(200,1e+03]|(1,10]|(0.0001,0.001]|(1e+07,5e+07]
UTRUST|UTK|(1e+07,2.5e+07]|(200,1e+03]|(0.03,0.1]|(1e-05,5e-05]|(1e+08,5e+08]
APIS|APIS|(1e+07,2.5e+07]|(200,1e+03]|(0,0.03]|(0,1e-06]|(1e+09,1e+10]
LoyalCoin|LYL|(1e+07,2.5e+07]|(200,1e+03]|(0,0.03]|(0,1e-06]|(1e+09,1e+10]
Cryptaur|CPT|(1e+07,2.5e+07]|(200,1e+03]|(0,0.03]|(0,1e-06]|(1e+09,1e+10]
AppCoins|APPC|(1e+07,2.5e+07]|(200,1e+03]|(0.1,0.25]|(1e-05,5e-05]|(1e+08,5e+08]
HydroProtocol|HOT|(1e+07,2.5e+07]|(200,1e+03]|(0.03,0.1]|(1e-06,5e-06]|(5e+08,1e+09]
MARK.SPACE|MRK|(1e+07,2.5e+07]|(200,1e+03]|(0.03,0.1]|(5e-06,1e-05]|(1e+08,5e+08]
Tao|XTO|(1e+07,2.5e+07]|(200,1e+03]|(0.5,1]|(5e-05,0.0001]|(1e+07,5e+07]
YEE|YEE|(1e+07,2.5e+07]|(200,1e+03]|(0,0.03]|(1e-06,5e-06]|(1e+09,1e+10]
Tierion|TNT|(1e+07,2.5e+07]|(200,1e+03]|(0.03,0.1]|(5e-06,1e-05]|(1e+08,5e+08]
WePower|WPR|(1e+07,2.5e+07]|(200,1e+03]|(0.03,0.1]|(5e-06,1e-05]|(1e+08,5e+08]
Namecoin|NMC|(1e+07,2.5e+07]|(200,1e+03]|(1,10]|(0.0001,0.001]|(1e+07,5e+07]
Counterparty|XCP|(1e+07,2.5e+07]|(200,1e+03]|(1,10]|(0.001,0.01]|(0,1e+07]
DATx|DATX|(1e+07,2.5e+07]|(200,1e+03]|(0,0.03]|(1e-06,5e-06]|(1e+09,1e+10]
CPChain|CPC|(1e+07,2.5e+07]|(200,1e+03]|(0.03,0.1]|(1e-05,5e-05]|(1e+08,5e+08]
Aeon|AEON|(1e+07,2.5e+07]|(200,1e+03]|(1,10]|(0.0001,0.001]|(1e+07,5e+07]
Wings|WINGS|(1e+07,2.5e+07]|(200,1e+03]|(0.1,0.25]|(1e-05,5e-05]|(5e+07,1e+08]
Presearch|PRE|(1e+07,2.5e+07]|(200,1e+03]|(0.1,0.25]|(1e-05,5e-05]|(1e+08,5e+08]
Ravencoin|RVN|(1e+07,2.5e+07]|(200,1e+03]|(0,0.03]|(1e-06,5e-06]|(1e+09,1e+10]
INSEcosystem|INS|(1e+07,2.5e+07]|(200,1e+03]|(0.5,1]|(5e-05,0.0001]|(1e+07,5e+07]
Modum|MOD|(1e+07,2.5e+07]|(200,1e+03]|(1,10]|(0.0001,0.001]|(1e+07,5e+07]
Spectre.aiDi...|SXDT|(1e+07,2.5e+07]|(200,1e+03]|(0.1,0.25]|(1e-05,5e-05]|(5e+07,1e+08]
Bezant|BZNT|(1e+07,2.5e+07]|(200,1e+03]|(0.03,0.1]|(1e-05,5e-05]|(1e+08,5e+08]
ugChain|UGC|(1e+07,2.5e+07]|(200,1e+03]|(0.03,0.1]|(5e-06,1e-05]|(5e+08,1e+09]
LinkEye|LET|(1e+07,2.5e+07]|(200,1e+03]|(0.03,0.1]|(1e-06,5e-06]|(5e+08,1e+09]
WaBi|WABI|(1e+07,2.5e+07]|(200,1e+03]|(0.25,0.5]|(5e-05,0.0001]|(1e+07,5e+07]
LBRYCredits|LBC|(1e+07,2.5e+07]|(200,1e+03]|(0.1,0.25]|(1e-05,5e-05]|(1e+08,5e+08]
Zeepin|ZPT|(1e+07,2.5e+07]|(200,1e+03]|(0.03,0.1]|(5e-06,1e-05]|(1e+08,5e+08]
Swarm|SWM|(1e+07,2.5e+07]|(200,1e+03]|(0.25,0.5]|(5e-05,0.0001]|(5e+07,1e+08]
Etherparty|FUEL|(1e+07,2.5e+07]|(200,1e+03]|(0.03,0.1]|(5e-06,1e-05]|(1e+08,5e+08]
Feathercoin|FTC|(1e+07,2.5e+07]|(200,1e+03]|(0.03,0.1]|(1e-05,5e-05]|(1e+08,5e+08]
Dock|DOCK|(1e+07,2.5e+07]|(200,1e+03]|(0.03,0.1]|(5e-06,1e-05]|(1e+08,5e+08]
Primas|PST|(1e+07,2.5e+07]|(200,1e+03]|(0.25,0.5]|(5e-05,0.0001]|(5e+07,1e+08]
Zebi|ZCO|(1e+07,2.5e+07]|(200,1e+03]|(0.03,0.1]|(5e-06,1e-05]|(1e+08,5e+08]
ION|ION|(1e+07,2.5e+07]|(200,1e+03]|(0.5,1]|(0.0001,0.001]|(1e+07,5e+07]
Lykke|LKK|(1e+07,2.5e+07]|(200,1e+03]|(0.03,0.1]|(5e-06,1e-05]|(1e+08,5e+08]
OracleChain|OCT|(1e+07,2.5e+07]|(200,1e+03]|(0.5,1]|(5e-05,0.0001]|(1e+07,5e+07]
Hydrogen|HYDRO|(1e+07,2.5e+07]|(200,1e+03]|(0,0.03]|(0,1e-06]|(1e+09,1e+10]
Blox|CDT|(1e+07,2.5e+07]|(200,1e+03]|(0,0.03]|(1e-06,5e-06]|(5e+08,1e+09]
DECENT|DCT|(1e+07,2.5e+07]|(200,1e+03]|(0.25,0.5]|(5e-05,0.0001]|(5e+07,1e+08]
Lunyr|LUN|(1e+07,2.5e+07]|(200,1e+03]|(1,10]|(0.001,0.01]|(0,1e+07]
NAGA|NGC|(1e+07,2.5e+07]|(200,1e+03]|(0.25,0.5]|(1e-05,5e-05]|(5e+07,1e+08]
AuroraDAO|AURA|(1e+07,2.5e+07]|(200,1e+03]|(0.1,0.25]|(1e-05,5e-05]|(1e+08,5e+08]
Havven|HAV|(1e+07,2.5e+07]|(200,1e+03]|(0.25,0.5]|(1e-05,5e-05]|(5e+07,1e+08]
MobileGo|MGO|(1e+07,2.5e+07]|(200,1e+03]|(0.1,0.25]|(1e-05,5e-05]|(5e+07,1e+08]
ATN|ATN|(1e+07,2.5e+07]|(200,1e+03]|(0.1,0.25]|(1e-05,5e-05]|(5e+07,1e+08]
Ivy|IVY|(1e+07,2.5e+07]|(200,1e+03]|(0.03,0.1]|(5e-06,1e-05]|(1e+08,5e+08]
CashBetCoin|CBC|(1e+07,2.5e+07]|(200,1e+03]|(0.1,0.25]|(1e-05,5e-05]|(5e+07,1e+08]
Banca|BANCA|(1e+07,2.5e+07]|(200,1e+03]|(0,0.03]|(0,1e-06]|(1e+10,1e+12]
BitRent|RNTB|(1e+07,2.5e+07]|(200,1e+03]|(0,0.03]|(1e-06,5e-06]|(5e+08,1e+09]
Peerplays|PPY|(1e+07,2.5e+07]|(200,1e+03]|(1,10]|(0.0001,0.001]|(0,1e+07]
GINcoin|GIN|(1e+07,2.5e+07]|(200,1e+03]|(1,10]|(0.001,0.01]|(0,1e+07]
PACcoin|PAC|(1e+07,2.5e+07]|(200,1e+03]|(0,0.03]|(0,1e-06]|(1e+09,1e+10]
YOYOW|YOYOW|(1e+07,2.5e+07]|(200,1e+03]|(0.03,0.1]|(5e-06,1e-05]|(1e+08,5e+08]
Maecenas|ART|(1e+07,2.5e+07]|(200,1e+03]|(0.25,0.5]|(5e-05,0.0001]|(1e+07,5e+07]
TrustNote|TTT|(1e+07,2.5e+07]|(200,1e+03]|(0.03,0.1]|(5e-06,1e-05]|(1e+08,5e+08]
Cashaa|CAS|(1e+07,2.5e+07]|(200,1e+03]|(0.03,0.1]|(5e-06,1e-05]|(1e+08,5e+08]
TaaS|TAAS|(1e+07,2.5e+07]|(200,1e+03]|(1,10]|(0.0001,0.001]|(0,1e+07]
DecentBet|DBET|(1e+07,2.5e+07]|(200,1e+03]|(0.1,0.25]|(1e-05,5e-05]|(1e+08,5e+08]
MediBloc[ERC20]|MEDX|(1e+07,2.5e+07]|(200,1e+03]|(0,0.03]|(0,1e-06]|(1e+09,1e+10]
CasinoCoin|CSC|(1e+07,2.5e+07]|(200,1e+03]|(0,0.03]|(0,1e-06]|(1e+10,1e+12]
Constellation|DAG|(1e+07,2.5e+07]|(200,1e+03]|(0,0.03]|(1e-06,5e-06]|(5e+08,1e+09]
Merculet|MVP|(1e+07,2.5e+07]|(200,1e+03]|(0,0.03]|(1e-06,5e-06]|(1e+09,1e+10]
Oyster|PRL|(1e+07,2.5e+07]|(200,1e+03]|(0.1,0.25]|(1e-05,5e-05]|(5e+07,1e+08]
ECC|ECC|(1e+07,2.5e+07]|(200,1e+03]|(0,0.03]|(0,1e-06]|(1e+10,1e+12]
VIBE|VIBE|(1e+07,2.5e+07]|(200,1e+03]|(0.03,0.1]|(1e-05,5e-05]|(1e+08,5e+08]
Credo|CREDO|(1e+07,2.5e+07]|(200,1e+03]|(0.03,0.1]|(1e-06,5e-06]|(5e+08,1e+09]
QLINK|QLC|(1e+07,2.5e+07]|(200,1e+03]|(0.03,0.1]|(1e-05,5e-05]|(1e+08,5e+08]
Datum|DAT|(1e+07,2.5e+07]|(200,1e+03]|(0,0.03]|(1e-06,5e-06]|(5e+08,1e+09]
Fortuna|FOTA|(1e+07,2.5e+07]|(200,1e+03]|(0.03,0.1]|(5e-06,1e-05]|(1e+08,5e+08]
Mobius|MOBI|(1e+07,2.5e+07]|(200,1e+03]|(0.03,0.1]|(5e-06,1e-05]|(1e+08,5e+08]
Melon|MLN|(1e+07,2.5e+07]|(200,1e+03]|(25,100]|(0.001,0.01]|(0,1e+07]
Phore|PHR|(1e+07,2.5e+07]|(200,1e+03]|(1,10]|(0.0001,0.001]|(1e+07,5e+07]
MediBloc[QRC20]|MED|(1e+07,2.5e+07]|(200,1e+03]|(0,0.03]|(0,1e-06]|(1e+09,1e+10]
XinFinNetwork|XDCE|(1e+07,2.5e+07]|(200,1e+03]|(0,0.03]|(0,1e-06]|(1e+09,1e+10]
TE-FOOD|TFD|(1e+07,2.5e+07]|(200,1e+03]|(0.03,0.1]|(1e-06,5e-06]|(1e+08,5e+08]
HTMLCOIN|HTML|(1e+07,2.5e+07]|(200,1e+03]|(0,0.03]|(0,1e-06]|(1e+10,1e+12]
Mothership|MSP|(1e+07,2.5e+07]|(200,1e+03]|(0.1,0.25]|(1e-05,5e-05]|(1e+08,5e+08]
ExperiencePo...|XP|(1e+07,2.5e+07]|(200,1e+03]|(0,0.03]|(0,1e-06]|(1e+10,1e+12]
DecisionToken|HST|(1e+07,2.5e+07]|(200,1e+03]|(0.25,0.5]|(5e-05,0.0001]|(1e+07,5e+07]
OneRootNetwork|RNT|(1e+07,2.5e+07]|(200,1e+03]|(0.03,0.1]|(5e-06,1e-05]|(1e+08,5e+08]
SelfSell|SSC|(1e+07,2.5e+07]|(200,1e+03]|(0.03,0.1]|(5e-06,1e-05]|(1e+08,5e+08]
Qbao|QBT|(1e+07,2.5e+07]|(200,1e+03]|(0.1,0.25]|(1e-05,5e-05]|(5e+07,1e+08]
XMax|XMX|(1e+07,2.5e+07]|(200,1e+03]|(0,0.03]|(0,1e-06]|(1e+09,1e+10]
FirstBlood|1ST|(1e+07,2.5e+07]|(200,1e+03]|(0.1,0.25]|(1e-05,5e-05]|(5e+07,1e+08]
HiveProject|HVN|(1e+07,2.5e+07]|(200,1e+03]|(0.03,0.1]|(5e-06,1e-05]|(1e+08,5e+08]
Viberate|VIB|(1e+07,2.5e+07]|(200,1e+03]|(0.03,0.1]|(1e-05,5e-05]|(1e+08,5e+08]
Pura|PURA|(1e+07,2.5e+07]|(200,1e+03]|(0.03,0.1]|(1e-05,5e-05]|(1e+08,5e+08]
iXledger|IXT|(1e+07,2.5e+07]|(200,1e+03]|(0.25,0.5]|(5e-05,0.0001]|(1e+07,5e+07]
Triggers|TRIG|(1e+07,2.5e+07]|(200,1e+03]|(0.25,0.5]|(5e-05,0.0001]|(1e+07,5e+07]
Bankex|BKX|(1e+07,2.5e+07]|(200,1e+03]|(0.1,0.25]|(1e-05,5e-05]|(5e+07,1e+08]
Envion|EVN|(1e+07,2.5e+07]|(200,1e+03]|(0.1,0.25]|(1e-05,5e-05]|(1e+08,5e+08]
UnitedTrader...|UTT|(1e+07,2.5e+07]|(200,1e+03]|(0.25,0.5]|(5e-05,0.0001]|(1e+07,5e+07]
LEOcoin|LEO|(1e+07,2.5e+07]|(200,1e+03]|(0.1,0.25]|(1e-05,5e-05]|(1e+08,5e+08]
UnikoinGold|UKG|(1e+07,2.5e+07]|(200,1e+03]|(0.1,0.25]|(1e-05,5e-05]|(1e+08,5e+08]
UNetwork|UUU|(1e+07,2.5e+07]|(200,1e+03]|(0,0.03]|(0,1e-06]|(1e+09,1e+10]
SHIELD|XSH|(1e+07,2.5e+07]|(200,1e+03]|(0,0.03]|(1e-06,5e-06]|(5e+08,1e+09]
Covesting|COV|(1e+07,2.5e+07]|(200,1e+03]|(0.5,1]|(0.0001,0.001]|(1e+07,5e+07]
BlockMasonCr...|BCPT|(1e+07,2.5e+07]|(200,1e+03]|(0.1,0.25]|(1e-05,5e-05]|(5e+07,1e+08]
Electrify.Asia|ELEC|(1e+07,2.5e+07]|(200,1e+03]|(0.03,0.1]|(1e-06,5e-06]|(1e+08,5e+08]
Zeusshield|ZSC|(1e+07,2.5e+07]|(200,1e+03]|(0,0.03]|(1e-06,5e-06]|(1e+09,1e+10]
COSS|COSS|(1e+07,2.5e+07]|(200,1e+03]|(0.1,0.25]|(1e-05,5e-05]|(1e+08,5e+08]
XTRABYTES|XBY|(1e+07,2.5e+07]|(200,1e+03]|(0.03,0.1]|(1e-06,5e-06]|(1e+08,5e+08]
Sentinel|SENT|(1e+07,2.5e+07]|(200,1e+03]|(0,0.03]|(0,1e-06]|(1e+09,1e+10]
CrowdMachine|CMCT|(1e+07,2.5e+07]|(200,1e+03]|(0.03,0.1]|(1e-06,5e-06]|(1e+08,5e+08]
Mercury|MER|(1e+07,2.5e+07]|(200,1e+03]|(0.1,0.25]|(1e-05,5e-05]|(5e+07,1e+08]
QunQun|QUN|(1e+07,2.5e+07]|(200,1e+03]|(0,0.03]|(1e-06,5e-06]|(5e+08,1e+09]
PepeCash|PEPECASH|(1e+07,2.5e+07]|(200,1e+03]|(0,0.03]|(1e-06,5e-06]|(5e+08,1e+09]
Grid+|GRID|(1e+07,2.5e+07]|(200,1e+03]|(0.25,0.5]|(1e-05,5e-05]|(1e+07,5e+07]
Cobinhood|COB|(1e+07,2.5e+07]|(200,1e+03]|(0.03,0.1]|(5e-06,1e-05]|(1e+08,5e+08]
Karma|KRM|(1e+07,2.5e+07]|(200,1e+03]|(0,0.03]|(1e-06,5e-06]|(1e+09,1e+10]
Blackmoon|BMC|(1e+07,2.5e+07]|(200,1e+03]|(0.5,1]|(5e-05,0.0001]|(1e+07,5e+07]
Synereo|AMP|(1e+07,2.5e+07]|(200,1e+03]|(0.1,0.25]|(1e-05,5e-05]|(1e+08,5e+08]
Soarcoin|SOAR|(1e+07,2.5e+07]|(200,1e+03]|(0,0.03]|(1e-06,5e-06]|(1e+09,1e+10]
Cofound.it|CFI|(1e+07,2.5e+07]|(200,1e+03]|(0.03,0.1]|(5e-06,1e-05]|(1e+08,5e+08]
HempCoin|THC|(1e+07,2.5e+07]|(200,1e+03]|(0.03,0.1]|(5e-06,1e-05]|(1e+08,5e+08]
Shift|SHIFT|(1e+07,2.5e+07]|(200,1e+03]|(1,10]|(0.0001,0.001]|(1e+07,5e+07]
CEEKVR|CEEK|(1e+07,2.5e+07]|(200,1e+03]|(0.03,0.1]|(5e-06,1e-05]|(1e+08,5e+08]
Medicalchain|MTN|(1e+07,2.5e+07]|(200,1e+03]|(0.03,0.1]|(5e-06,1e-05]|(1e+08,5e+08]
Humaniq|HMQ|(1e+07,2.5e+07]|(200,1e+03]|(0.03,0.1]|(1e-05,5e-05]|(1e+08,5e+08]
AICHAIN|AIT|(1e+07,2.5e+07]|(200,1e+03]|(0,0.03]|(1e-06,5e-06]|(5e+08,1e+09]
ColossusXT|COLX|(1e+07,2.5e+07]|(200,1e+03]|(0,0.03]|(0,1e-06]|(1e+10,1e+12]
Dimecoin|DIME|(1e+07,2.5e+07]|(200,1e+03]|(0,0.03]|(0,1e-06]|(1e+10,1e+12]
Proxeus|XES|(1e+07,2.5e+07]|(200,1e+03]|(0.03,0.1]|(5e-06,1e-05]|(1e+08,5e+08]
OrmeusCoin|ORME|(1e+07,2.5e+07]|(200,1e+03]|(0.5,1]|(0.0001,0.001]|(1e+07,5e+07]
AIDoctor|AIDOC|(1e+07,2.5e+07]|(200,1e+03]|(0,0.03]|(1e-06,5e-06]|(1e+08,5e+08]
SpaceChain|SPC|(1e+07,2.5e+07]|(200,1e+03]|(0,0.03]|(1e-06,5e-06]|(5e+08,1e+09]
PotCoin|POT|(1e+07,2.5e+07]|(200,1e+03]|(0.03,0.1]|(5e-06,1e-05]|(1e+08,5e+08]
ProChain|PRA|(1e+07,2.5e+07]|(200,1e+03]|(0.1,0.25]|(1e-05,5e-05]|(1e+07,5e+07]
Everex|EVX|(1e+07,2.5e+07]|(200,1e+03]|(0.5,1]|(0.0001,0.001]|(1e+07,5e+07]
Datawallet|DXT|(1e+07,2.5e+07]|(200,1e+03]|(0.03,0.1]|(1e-06,5e-06]|(1e+08,5e+08]
Rialto|XRL|(1e+07,2.5e+07]|(200,1e+03]|(0.1,0.25]|(1e-05,5e-05]|(5e+07,1e+08]
Refereum|RFR|(1e+07,2.5e+07]|(200,1e+03]|(0,0.03]|(0,1e-06]|(1e+09,1e+10]
Elastic|XEL|(1e+07,2.5e+07]|(200,1e+03]|(0.1,0.25]|(1e-05,5e-05]|(5e+07,1e+08]
LIFE|LIFE|(1e+07,2.5e+07]|(200,1e+03]|(0,0.03]|(0,1e-06]|(1e+10,1e+12]
Bismuth|BIS|(1e+07,2.5e+07]|(200,1e+03]|(1,10]|(0.0001,0.001]|(1e+07,5e+07]
BitcoinGreen|BITG|(1e+07,2.5e+07]|(200,1e+03]|(1,10]|(0.0001,0.001]|(0,1e+07]
bitUSD|BITUSD|(1e+07,2.5e+07]|(200,1e+03]|(1,10]|(0.0001,0.001]|(1e+07,5e+07]
Alphacat|ACAT|(1e+07,2.5e+07]|(200,1e+03]|(0,0.03]|(0,1e-06]|(1e+09,1e+10]
DNotes|NOTE|(1e+07,2.5e+07]|(200,1e+03]|(0.03,0.1]|(1e-05,5e-05]|(1e+08,5e+08]
STK|STK|(1e+07,2.5e+07]|(200,1e+03]|(0.03,0.1]|(1e-06,5e-06]|(1e+08,5e+08]
Neurotoken|NTK|(1e+07,2.5e+07]|(200,1e+03]|(0.1,0.25]|(1e-05,5e-05]|(5e+07,1e+08]
OlympusLabs|MOT|(1e+07,2.5e+07]|(200,1e+03]|(0.25,0.5]|(1e-05,5e-05]|(1e+07,5e+07]
MoedaLoyalty...|MDA|(1e+07,2.5e+07]|(200,1e+03]|(0.5,1]|(5e-05,0.0001]|(1e+07,5e+07]
BanyanNetwork|BBN|(1e+07,2.5e+07]|(200,1e+03]|(0.03,0.1]|(5e-06,1e-05]|(1e+08,5e+08]
SunContract|SNC|(1e+07,2.5e+07]|(200,1e+03]|(0.03,0.1]|(1e-05,5e-05]|(1e+08,5e+08]
TrinityNetwo...|TNC|(1e+07,2.5e+07]|(200,1e+03]|(0.03,0.1]|(1e-06,5e-06]|(1e+08,5e+08]
Propy|PRO|(1e+07,2.5e+07]|(200,1e+03]|(0.5,1]|(5e-05,0.0001]|(1e+07,5e+07]
Boolberry|BBR|(1e+07,2.5e+07]|(200,1e+03]|(0.5,1]|(0.0001,0.001]|(1e+07,5e+07]
Smartlands|SLT|(1e+07,2.5e+07]|(200,1e+03]|(1,10]|(0.0001,0.001]|(0,1e+07]
Bloom|BLT|(1e+07,2.5e+07]|(200,1e+03]|(0.1,0.25]|(1e-05,5e-05]|(1e+07,5e+07]
Oxycoin|OXY|(1e+07,2.5e+07]|(200,1e+03]|(0.03,0.1]|(1e-05,5e-05]|(1e+08,5e+08]
DeepOnion|ONION|(1e+07,2.5e+07]|(200,1e+03]|(0.5,1]|(0.0001,0.001]|(1e+07,5e+07]
LATOKEN|LA|(1e+07,2.5e+07]|(200,1e+03]|(0.1,0.25]|(1e-05,5e-05]|(5e+07,1e+08]
BeanCash|BITB|(1e+07,2.5e+07]|(200,1e+03]|(0,0.03]|(0,1e-06]|(1e+09,1e+10]
PascalCoin|PASC|(1e+07,2.5e+07]|(200,1e+03]|(0.25,0.5]|(5e-05,0.0001]|(1e+07,5e+07]
XYONetwork|XYO|(1e+07,2.5e+07]|(200,1e+03]|(0,0.03]|(0,1e-06]|(1e+09,1e+10]
Smartshare|SSP|(1e+07,2.5e+07]|(200,1e+03]|(0,0.03]|(0,1e-06]|(1e+09,1e+10]
Polybius|PLBT|(1e+07,2.5e+07]|(200,1e+03]|(1,10]|(0.0001,0.001]|(0,1e+07]
GridCoin|GRC|(1e+07,2.5e+07]|(200,1e+03]|(0,0.03]|(1e-06,5e-06]|(1e+08,5e+08]
MeasurableDa...|MDT|(1e+07,2.5e+07]|(200,1e+03]|(0,0.03]|(1e-06,5e-06]|(1e+08,5e+08]
DADI|DADI|(1e+07,2.5e+07]|(200,1e+03]|(0.1,0.25]|(1e-05,5e-05]|(5e+07,1e+08]
Lamden|TAU|(1e+07,2.5e+07]|(200,1e+03]|(0.03,0.1]|(1e-05,5e-05]|(1e+08,5e+08]
RevolutionVR|RVR|(1e+07,2.5e+07]|(200,1e+03]|(0.03,0.1]|(5e-06,1e-05]|(1e+08,5e+08]
ALAX|ALX|(1e+07,2.5e+07]|(200,1e+03]|(0.03,0.1]|(1e-06,5e-06]|(1e+08,5e+08]
Monetha|MTH|(1e+07,2.5e+07]|(200,1e+03]|(0.03,0.1]|(5e-06,1e-05]|(1e+08,5e+08]
adToken|ADT|(1e+07,2.5e+07]|(200,1e+03]|(0,0.03]|(1e-06,5e-06]|(5e+08,1e+09]
Bodhi|BOT|(1e+07,2.5e+07]|(200,1e+03]|(0.25,0.5]|(1e-05,5e-05]|(1e+07,5e+07]
RestartEnerg...|MWAT|(1e+07,2.5e+07]|(200,1e+03]|(0,0.03]|(1e-06,5e-06]|(1e+08,5e+08]
ALQO|ALQO|(0,1e+07]|(200,1e+03]|(0.1,0.25]|(1e-05,5e-05]|(1e+07,5e+07]
Diamond|DMD|(0,1e+07]|(200,1e+03]|(1,10]|(0.0001,0.001]|(0,1e+07]
Gems|GEM|(0,1e+07]|(200,1e+03]|(0,0.03]|(1e-06,5e-06]|(1e+09,1e+10]
SureRemit|RMT|(0,1e+07]|(200,1e+03]|(0,0.03]|(1e-06,5e-06]|(1e+08,5e+08]
Agrello|DLT|(0,1e+07]|(200,1e+03]|(0.1,0.25]|(1e-05,5e-05]|(5e+07,1e+08]
DIMCOIN|DIM|(0,1e+07]|(200,1e+03]|(0,0.03]|(0,1e-06]|(1e+09,1e+10]
Blocktix|TIX|(0,1e+07]|(200,1e+03]|(0.1,0.25]|(1e-05,5e-05]|(1e+07,5e+07]
E-DinarCoin|EDR|(0,1e+07]|(200,1e+03]|(0,0.03]|(1e-06,5e-06]|(5e+08,1e+09]
Energo|TSL|(0,1e+07]|(200,1e+03]|(0,0.03]|(1e-06,5e-06]|(5e+08,1e+09]
VeriCoin|VRC|(0,1e+07]|(200,1e+03]|(0.25,0.5]|(1e-05,5e-05]|(1e+07,5e+07]
Mooncoin|MOON|(0,1e+07]|(200,1e+03]|(0,0.03]|(0,1e-06]|(1e+10,1e+12]
NoLimitCoin|NLC2|(0,1e+07]|(200,1e+03]|(0.03,0.1]|(5e-06,1e-05]|(1e+08,5e+08]
BlackCoin|BLK|(0,1e+07]|(200,1e+03]|(0.1,0.25]|(1e-05,5e-05]|(5e+07,1e+08]
OAX|OAX|(0,1e+07]|(200,1e+03]|(0.25,0.5]|(5e-05,0.0001]|(1e+07,5e+07]
Switcheo|SWTH|(0,1e+07]|(200,1e+03]|(0,0.03]|(1e-06,5e-06]|(5e+08,1e+09]
MonetaryUnit|MUE|(0,1e+07]|(200,1e+03]|(0.03,0.1]|(1e-05,5e-05]|(1e+08,5e+08]
Neumark|NEU|(0,1e+07]|(200,1e+03]|(0.25,0.5]|(1e-05,5e-05]|(1e+07,5e+07]
Matchpool|GUP|(0,1e+07]|(200,1e+03]|(0.1,0.25]|(1e-05,5e-05]|(5e+07,1e+08]
CoinPoker|CHP|(0,1e+07]|(200,1e+03]|(0.03,0.1]|(1e-06,5e-06]|(1e+08,5e+08]
carVertical|CV|(0,1e+07]|(200,1e+03]|(0,0.03]|(0,1e-06]|(1e+09,1e+10]
UquidCoin|UQC|(0,1e+07]|(200,1e+03]|(0.5,1]|(0.0001,0.001]|(0,1e+07]
LUXCoin|LUX|(0,1e+07]|(200,1e+03]|(1,10]|(0.0001,0.001]|(0,1e+07]
Chronobank|TIME|(0,1e+07]|(200,1e+03]|(10,25]|(0.001,0.01]|(0,1e+07]
Crown|CRW|(0,1e+07]|(200,1e+03]|(0.25,0.5]|(5e-05,0.0001]|(1e+07,5e+07]
Stox|STX|(0,1e+07]|(200,1e+03]|(0.1,0.25]|(1e-05,5e-05]|(1e+07,5e+07]
Clams|CLAM|(0,1e+07]|(200,1e+03]|(1,10]|(0.0001,0.001]|(0,1e+07]
Numeraire|NMR|(0,1e+07]|(200,1e+03]|(1,10]|(0.0001,0.001]|(0,1e+07]
Incent|INCNT|(0,1e+07]|(200,1e+03]|(0.1,0.25]|(1e-05,5e-05]|(1e+07,5e+07]
I/OCoin|IOC|(0,1e+07]|(200,1e+03]|(0.5,1]|(5e-05,0.0001]|(1e+07,5e+07]
Radium|RADS|(0,1e+07]|(200,1e+03]|(1,10]|(0.0001,0.001]|(0,1e+07]
Nework|NKC|(0,1e+07]|(200,1e+03]|(0.03,0.1]|(5e-06,1e-05]|(1e+08,5e+08]
Aeron|ARN|(0,1e+07]|(200,1e+03]|(0.5,1]|(5e-05,0.0001]|(1e+07,5e+07]
DMarket|DMT|(0,1e+07]|(200,1e+03]|(0.1,0.25]|(1e-05,5e-05]|(5e+07,1e+08]
CallistoNetwork|CLO|(0,1e+07]|(200,1e+03]|(0,0.03]|(1e-06,5e-06]|(1e+08,5e+08]
Phantasma|SOUL|(0,1e+07]|(200,1e+03]|(0.1,0.25]|(1e-05,5e-05]|(5e+07,1e+08]
NewYorkCoin|NYC|(0,1e+07]|(200,1e+03]|(0,0.03]|(0,1e-06]|(1e+10,1e+12]
Etheroll|DICE|(0,1e+07]|(200,1e+03]|(1,10]|(0.0001,0.001]|(0,1e+07]
Blockport|BPT|(0,1e+07]|(200,1e+03]|(0.1,0.25]|(1e-05,5e-05]|(5e+07,1e+08]
Omni|OMNI|(0,1e+07]|(200,1e+03]|(10,25]|(0.001,0.01]|(0,1e+07]
Databits|DTB|(0,1e+07]|(200,1e+03]|(0.25,0.5]|(5e-05,0.0001]|(1e+07,5e+07]
Everus|EVR|(0,1e+07]|(200,1e+03]|(0.03,0.1]|(5e-06,1e-05]|(1e+08,5e+08]
Hexx|HXX|(0,1e+07]|(200,1e+03]|(1,10]|(0.0001,0.001]|(0,1e+07]
BitcoinAtom|BCA|(0,1e+07]|(200,1e+03]|(0.25,0.5]|(5e-05,0.0001]|(1e+07,5e+07]
MUSE|MUSE|(0,1e+07]|(200,1e+03]|(0.5,1]|(5e-05,0.0001]|(1e+07,5e+07]
Hacken|HKN|(0,1e+07]|(200,1e+03]|(1,10]|(0.0001,0.001]|(0,1e+07]
U.CASH|UCASH|(0,1e+07]|(200,1e+03]|(0,0.03]|(0,1e-06]|(1e+09,1e+10]
SwissBorg|CHSB|(0,1e+07]|(200,1e+03]|(0,0.03]|(1e-06,5e-06]|(5e+08,1e+09]
Rubycoin|RBY|(0,1e+07]|(200,1e+03]|(0.25,0.5]|(1e-05,5e-05]|(1e+07,5e+07]
Divi|DIVX|(0,1e+07]|(200,1e+03]|(1,10]|(0.0001,0.001]|(0,1e+07]
Remme|REM|(0,1e+07]|(200,1e+03]|(0,0.03]|(1e-06,5e-06]|(5e+08,1e+09]
StrongHands|SHND|(0,1e+07]|(200,1e+03]|(0,0.03]|(0,1e-06]|
HiMutualSoc...|HMC|(0,1e+07]|(200,1e+03]|(0,0.03]|(1e-06,5e-06]|(1e+08,5e+08]
Cappasity|CAPP|(0,1e+07]|(200,1e+03]|(0,0.03]|(1e-06,5e-06]|(1e+08,5e+08]
SRCOIN|SRCOIN|(0,1e+07]|(200,1e+03]|(0,0.03]|(0,1e-06]|(1e+09,1e+10]
LockTrip|LOC|(0,1e+07]|(200,1e+03]|(0.5,1]|(0.0001,0.001]|(0,1e+07]
EchoLink|EKO|(0,1e+07]|(200,1e+03]|(0,0.03]|(1e-06,5e-06]|(1e+08,5e+08]
TheAbyss|ABYSS|(0,1e+07]|(200,1e+03]|(0.03,0.1]|(5e-06,1e-05]|(1e+08,5e+08]
DubaiCoin|DBIX|(0,1e+07]|(200,1e+03]|(1,10]|(0.0001,0.001]|(0,1e+07]
AurumCoin|AU|(0,1e+07]|(200,1e+03]|(25,100]|(0.001,0.01]|(0,1e+07]
TheChampCoin|TCC|(0,1e+07]|(200,1e+03]|(0.03,0.1]|(5e-06,1e-05]|(1e+08,5e+08]
NebulaAI|NBAI|(0,1e+07]|(200,1e+03]|(0,0.03]|(0,1e-06]|(1e+09,1e+10]
SIBCoin|SIB|(0,1e+07]|(200,1e+03]|(0.25,0.5]|(5e-05,0.0001]|(1e+07,5e+07]
RussianMiner...|RMC|(0,1e+07]|(200,1e+03]|(1e+03,1e+04]|(0.05,1.01]|(0,1e+07]
ShipChain|SHIP|(0,1e+07]|(200,1e+03]|(0.03,0.1]|(5e-06,1e-05]|(1e+08,5e+08]
Expanse|EXP|(0,1e+07]|(200,1e+03]|(0.5,1]|(0.0001,0.001]|(0,1e+07]
bitqy|BQ|(0,1e+07]|(200,1e+03]|(0,0.03]|(0,1e-06]|(1e+09,1e+10]
Friendz|FDZ|(0,1e+07]|(200,1e+03]|(0,0.03]|(1e-06,5e-06]|(5e+08,1e+09]
UpToken|UP|(0,1e+07]|(200,1e+03]|(0.03,0.1]|(5e-06,1e-05]|(1e+08,5e+08]
Bulwark|BWK|(0,1e+07]|(200,1e+03]|(0.5,1]|(0.0001,0.001]|(0,1e+07]
PikcioChain|PKC|(0,1e+07]|(200,1e+03]|(0.1,0.25]|(1e-05,5e-05]|(1e+07,5e+07]
SolarCoin|SLR|(0,1e+07]|(200,1e+03]|(0.1,0.25]|(1e-05,5e-05]|(1e+07,5e+07]
SilentNotary|SNTR|(0,1e+07]|(200,1e+03]|(0,0.03]|(0,1e-06]|(1e+10,1e+12]
Ecobit|ECOB|(0,1e+07]|(200,1e+03]|(0,0.03]|(1e-06,5e-06]|(1e+08,5e+08]
Flash|FLASH|(0,1e+07]|(200,1e+03]|(0,0.03]|(1e-06,5e-06]|(5e+08,1e+09]
RED|RED|(0,1e+07]|(200,1e+03]|(0.03,0.1]|(5e-06,1e-05]|(1e+08,5e+08]
EnergiToken|ETK|(0,1e+07]|(200,1e+03]|(0,0.03]|(0,1e-06]|(1e+09,1e+10]
Paragon|PRG|(0,1e+07]|(200,1e+03]|(0.1,0.25]|(1e-05,5e-05]|(5e+07,1e+08]
FlorinCoin|FLO|(0,1e+07]|(200,1e+03]|(0.03,0.1]|(5e-06,1e-05]|(1e+08,5e+08]
NeosCoin|NEOS|(0,1e+07]|(200,1e+03]|(1,10]|(0.0001,0.001]|(0,1e+07]
ATMChain|ATM|(0,1e+07]|(200,1e+03]|(0,0.03]|(0,1e-06]|(1e+09,1e+10]
HeroNode|HER|(0,1e+07]|(200,1e+03]|(0,0.03]|(1e-06,5e-06]|(1e+08,5e+08]
BetterBetting|BETR|(0,1e+07]|(200,1e+03]|(0.03,0.1]|(5e-06,1e-05]|(1e+08,5e+08]
Dynamic|DYN|(0,1e+07]|(200,1e+03]|(1,10]|(0.0001,0.001]|(0,1e+07]
GlobalCurren...|GCR|(0,1e+07]|(200,1e+03]|(0.03,0.1]|(5e-06,1e-05]|(1e+08,5e+08]
Aphelion|APH|(0,1e+07]|(200,1e+03]|(0.1,0.25]|(1e-05,5e-05]|(1e+07,5e+07]
Elixir|ELIX|(0,1e+07]|(200,1e+03]|(0.1,0.25]|(1e-05,5e-05]|(1e+07,5e+07]
PolicyPalNet...|PAL|(0,1e+07]|(200,1e+03]|(0,0.03]|(1e-06,5e-06]|(1e+08,5e+08]
Xaurum|XAUR|(0,1e+07]|(200,1e+03]|(0.03,0.1]|(5e-06,1e-05]|(1e+08,5e+08]
Hurify|HUR|(0,1e+07]|(200,1e+03]|(0.03,0.1]|(5e-06,1e-05]|(1e+08,5e+08]
REBL|REBL|(0,1e+07]|(200,1e+03]|(0.03,0.1]|(5e-06,1e-05]|(1e+08,5e+08]
ZrCoin|ZRC|(0,1e+07]|(200,1e+03]|(1,10]|(0.0001,0.001]|(0,1e+07]
Rentberry|BERRY|(0,1e+07]|(200,1e+03]|(0,0.03]|(1e-06,5e-06]|(1e+08,5e+08]
aXpire|AXP|(0,1e+07]|(200,1e+03]|(0,0.03]|(1e-06,5e-06]|(1e+08,5e+08]
EXRNchain|EXRN|(0,1e+07]|(200,1e+03]|(0,0.03]|(0,1e-06]|(1e+10,1e+12]
Sprouts|SPRTS|(0,1e+07]|(200,1e+03]|(0,0.03]|(0,1e-06]|
MedicCoin|MEDIC|(0,1e+07]|(200,1e+03]|(0.03,0.1]|(1e-06,5e-06]|(1e+08,5e+08]
CVCoin|CVCOIN|(0,1e+07]|(200,1e+03]|(0.5,1]|(5e-05,0.0001]|(0,1e+07]
Gambit|GAM|(0,1e+07]|(200,1e+03]|(1,10]|(0.0001,0.001]|(0,1e+07]
ShareX|SEXC|(0,1e+07]|(200,1e+03]|(0,0.03]|(1e-06,5e-06]|(5e+08,1e+09]
Unibright|UBT|(0,1e+07]|(200,1e+03]|(0.03,0.1]|(5e-06,1e-05]|(1e+08,5e+08]
Leverj|LEV|(0,1e+07]|(200,1e+03]|(0.03,0.1]|(5e-06,1e-05]|(1e+08,5e+08]
Patron|PAT|(0,1e+07]|(200,1e+03]|(0,0.03]|(1e-06,5e-06]|(1e+08,5e+08]
Rivetz|RVT|(0,1e+07]|(200,1e+03]|(0.1,0.25]|(1e-05,5e-05]|(1e+07,5e+07]
Faceter|FACE|(0,1e+07]|(200,1e+03]|(0,0.03]|(1e-06,5e-06]|(1e+08,5e+08]
PolySwarm|NCT|(0,1e+07]|(200,1e+03]|(0,0.03]|(0,1e-06]|(1e+09,1e+10]
KiloCoin|KLC|(0,1e+07]|(200,1e+03]|(0.03,0.1]|(1e-06,5e-06]|(1e+08,5e+08]
Myriad|XMY|(0,1e+07]|(200,1e+03]|(0,0.03]|(0,1e-06]|(1e+09,1e+10]
InsurePal|IPL|(0,1e+07]|(200,1e+03]|(0.03,0.1]|(1e-06,5e-06]|(1e+08,5e+08]
NaPoleonX|NPX|(0,1e+07]|(200,1e+03]|(0.1,0.25]|(1e-05,5e-05]|(1e+07,5e+07]
LoMoCoin|LMC|(0,1e+07]|(200,1e+03]|(0,0.03]|(1e-06,5e-06]|(1e+08,5e+08]
SentinelChain|SENC|(0,1e+07]|(200,1e+03]|(0.03,0.1]|(1e-06,5e-06]|(1e+08,5e+08]
indaHash|IDH|(0,1e+07]|(200,1e+03]|(0,0.03]|(1e-06,5e-06]|(1e+08,5e+08]
OriginSport|ORS|(0,1e+07]|(200,1e+03]|(0.1,0.25]|(1e-05,5e-05]|(1e+07,5e+07]
HollyWoodCoin|HWC|(0,1e+07]|(200,1e+03]|(0.5,1]|(0.0001,0.001]|(0,1e+07]
Shivom|OMX|(0,1e+07]|(200,1e+03]|(0,0.03]|(1e-06,5e-06]|(1e+08,5e+08]
DomRaider|DRT|(0,1e+07]|(200,1e+03]|(0,0.03]|(1e-06,5e-06]|(5e+08,1e+09]
InvestFeed|IFT|(0,1e+07]|(200,1e+03]|(0.03,0.1]|(1e-06,5e-06]|(1e+08,5e+08]
GCNCoin|GCN|(0,1e+07]|(200,1e+03]|(0,0.03]|(0,1e-06]|(1e+10,1e+12]
Novacoin|NVC|(0,1e+07]|(200,1e+03]|(1,10]|(0.0001,0.001]|(0,1e+07]
OKCash|OK|(0,1e+07]|(200,1e+03]|(0.03,0.1]|(1e-05,5e-05]|(5e+07,1e+08]
Sharder|SS|(0,1e+07]|(200,1e+03]|(0,0.03]|(1e-06,5e-06]|(1e+08,5e+08]
DAOstack|GEN|(0,1e+07]|(200,1e+03]|(0.1,0.25]|(1e-05,5e-05]|(1e+07,5e+07]
GETProtocol|GET|(0,1e+07]|(200,1e+03]|(0.5,1]|(5e-05,0.0001]|(1e+07,5e+07]
ICOS|ICOS|(0,1e+07]|(200,1e+03]|(10,25]|(0.001,0.01]|(0,1e+07]
Stealth|XST|(0,1e+07]|(200,1e+03]|(0.1,0.25]|(1e-05,5e-05]|(1e+07,5e+07]
BitDice|CSNO|(0,1e+07]|(200,1e+03]|(0.03,0.1]|(1e-05,5e-05]|(5e+07,1e+08]
Solaris|XLR|(0,1e+07]|(200,1e+03]|(1,10]|(0.0001,0.001]|(0,1e+07]
FluzFluz|FLUZ|(0,1e+07]|(200,1e+03]|(0,0.03]|(1e-06,5e-06]|(1e+08,5e+08]
Nexium|NXC|(0,1e+07]|(200,1e+03]|(0.03,0.1]|(1e-05,5e-05]|(5e+07,1e+08]
Change|CAG|(0,1e+07]|(200,1e+03]|(0.1,0.25]|(1e-05,5e-05]|(1e+07,5e+07]
Rise|RISE|(0,1e+07]|(200,1e+03]|(0.03,0.1]|(5e-06,1e-05]|(1e+08,5e+08]
BitSend|BSD|(0,1e+07]|(200,1e+03]|(0.25,0.5]|(1e-05,5e-05]|(1e+07,5e+07]
Musicoin|MUSIC|(0,1e+07]|(200,1e+03]|(0,0.03]|(1e-06,5e-06]|(5e+08,1e+09]
Bezop|BEZ|(0,1e+07]|(200,1e+03]|(0.03,0.1]|(1e-05,5e-05]|(5e+07,1e+08]
AdHive|ADH|(0,1e+07]|(200,1e+03]|(0.03,0.1]|(5e-06,1e-05]|(1e+08,5e+08]
BitDegree|BDG|(0,1e+07]|(200,1e+03]|(0,0.03]|(1e-06,5e-06]|(1e+08,5e+08]
DigitexFutures|DGTX|(0,1e+07]|(200,1e+03]|(0,0.03]|(1e-06,5e-06]|(5e+08,1e+09]
APX|APX|(0,1e+07]|(200,1e+03]|(1,10]|(0.001,0.01]|(0,1e+07]
Effect.AI|EFX|(0,1e+07]|(200,1e+03]|(0,0.03]|(1e-06,5e-06]|(1e+08,5e+08]
Dovu|DOVU|(0,1e+07]|(200,1e+03]|(0.03,0.1]|(5e-06,1e-05]|(5e+07,1e+08]
AirToken|AIR|(0,1e+07]|(200,1e+03]|(0,0.03]|(0,1e-06]|(1e+09,1e+10]
SwarmCity|SWT|(0,1e+07]|(200,1e+03]|(0.5,1]|(5e-05,0.0001]|(0,1e+07]
Flixxo|FLIXX|(0,1e+07]|(200,1e+03]|(0.03,0.1]|(5e-06,1e-05]|(5e+07,1e+08]
BitTube|TUBE|(0,1e+07]|(200,1e+03]|(0.03,0.1]|(1e-05,5e-05]|(5e+07,1e+08]
BitClave|CAT|(0,1e+07]|(200,1e+03]|(0,0.03]|(1e-06,5e-06]|(5e+08,1e+09]
Zap|ZAP|(0,1e+07]|(200,1e+03]|(0.03,0.1]|(5e-06,1e-05]|(1e+08,5e+08]
Matryx|MTX|(0,1e+07]|(200,1e+03]|(0.1,0.25]|(1e-05,5e-05]|(1e+07,5e+07]
Aventus|AVT|(0,1e+07]|(200,1e+03]|(0.5,1]|(0.0001,0.001]|(0,1e+07]
Eroscoin|ERO|(0,1e+07]|(200,1e+03]|(0,0.03]|(1e-06,5e-06]|(1e+08,5e+08]
Debitum|DEB|(0,1e+07]|(200,1e+03]|(0,0.03]|(1e-06,5e-06]|(1e+08,5e+08]
Sequence|SEQ|(0,1e+07]|(200,1e+03]|(0.1,0.25]|(1e-05,5e-05]|(1e+07,5e+07]
FoldingCoin|FLDC|(0,1e+07]|(200,1e+03]|(0,0.03]|(1e-06,5e-06]|(5e+08,1e+09]
IDEXMembership|IDXM|(0,1e+07]|(200,1e+03]|(1e+03,1e+04]|(0.05,1.01]|(0,1e+07]
BeeToken|BEE|(0,1e+07]|(200,1e+03]|(0,0.03]|(1e-06,5e-06]|(1e+08,5e+08]
Loki|LOKI|(0,1e+07]|(200,1e+03]|(0.1,0.25]|(1e-05,5e-05]|(1e+07,5e+07]
HubiiNetwork|HBT|(0,1e+07]|(200,1e+03]|(0.25,0.5]|(5e-05,0.0001]|(1e+07,5e+07]
CFun|CFUN|(0,1e+07]|(200,1e+03]|(0,0.03]|(1e-06,5e-06]|(1e+08,5e+08]
Playkey|PKT|(0,1e+07]|(200,1e+03]|(0.25,0.5]|(5e-05,0.0001]|(1e+07,5e+07]
CargoX|CXO|(0,1e+07]|(200,1e+03]|(0.03,0.1]|(5e-06,1e-05]|(1e+08,5e+08]
Energycoin|ENRG|(0,1e+07]|(200,1e+03]|(0.03,0.1]|(5e-06,1e-05]|(1e+08,5e+08]
Graft|GRFT|(0,1e+07]|(200,1e+03]|(0,0.03]|(1e-06,5e-06]|(1e+08,5e+08]
Patientory|PTOY|(0,1e+07]|(200,1e+03]|(0.03,0.1]|(5e-06,1e-05]|(5e+07,1e+08]
Golos|GOLOS|(0,1e+07]|(200,1e+03]|(0.03,0.1]|(5e-06,1e-05]|(1e+08,5e+08]
PinkCoin|PINK|(0,1e+07]|(200,1e+03]|(0,0.03]|(1e-06,5e-06]|(1e+08,5e+08]
BitConnect|BCC|(0,1e+07]|(200,1e+03]|(0.25,0.5]|(5e-05,0.0001]|(0,1e+07]
Pandacoin|PND|(0,1e+07]|(200,1e+03]|(0,0.03]|(0,1e-06]|(1e+10,1e+12]
LatiumX|LATX|(0,1e+07]|(200,1e+03]|(0.03,0.1]|(5e-06,1e-05]|(5e+07,1e+08]
AidCoin|AID|(0,1e+07]|(200,1e+03]|(0.1,0.25]|(1e-05,5e-05]|(1e+07,5e+07]
ClearPoll|POLL|(0,1e+07]|(200,1e+03]|(0.5,1]|(5e-05,0.0001]|(0,1e+07]
LALAWorld|LALA|(0,1e+07]|(200,1e+03]|(0,0.03]|(1e-06,5e-06]|(1e+08,5e+08]
B2BX|B2B|(0,1e+07]|(200,1e+03]|(0.25,0.5]|(1e-05,5e-05]|(1e+07,5e+07]
EncrypGen|DNA|(0,1e+07]|(200,1e+03]|(0.03,0.1]|(1e-05,5e-05]|(5e+07,1e+08]
Spectrecoin|XSPEC|(0,1e+07]|(200,1e+03]|(0.1,0.25]|(1e-05,5e-05]|(1e+07,5e+07]
Espers|ESP|(0,1e+07]|(200,1e+03]|(0,0.03]|(0,1e-06]|(1e+10,1e+12]
ProfileUtili...|PUT|(0,1e+07]|(200,1e+03]|(0.03,0.1]|(1e-05,5e-05]|(1e+07,5e+07]
CanYaCoin|CAN|(0,1e+07]|(200,1e+03]|(0.1,0.25]|(1e-05,5e-05]|(1e+07,5e+07]
Bounty0x|BNTY|(0,1e+07]|(200,1e+03]|(0,0.03]|(1e-06,5e-06]|(1e+08,5e+08]
LocalWorldF...|LWF|(0,1e+07]|(200,1e+03]|(0.03,0.1]|(5e-06,1e-05]|(5e+07,1e+08]
Dotcoin|DOT|(0,1e+07]|(200,1e+03]|(0,0.03]|(1e-06,5e-06]|(1e+08,5e+08]
Pirl|PIRL|(0,1e+07]|(200,1e+03]|(0.1,0.25]|(1e-05,5e-05]|(1e+07,5e+07]
XPA|XPA|(0,1e+07]|(200,1e+03]|(0.03,0.1]|(1e-05,5e-05]|(5e+07,1e+08]
NimiqExchang...|NET|(0,1e+07]|(200,1e+03]|(0.25,0.5]|(5e-05,0.0001]|(1e+07,5e+07]
Bitcrystals|BCY|(0,1e+07]|(200,1e+03]|(0.1,0.25]|(1e-05,5e-05]|(1e+07,5e+07]
TrueFlip|TFL|(0,1e+07]|(200,1e+03]|(0.5,1]|(0.0001,0.001]|(0,1e+07]
OBITS|OBITS|(0,1e+07]|(200,1e+03]|(0.25,0.5]|(1e-05,5e-05]|(1e+07,5e+07]
GoByte|GBX|(0,1e+07]|(200,1e+03]|(1,10]|(0.0001,0.001]|(0,1e+07]
Travelflex|TRF|(0,1e+07]|(200,1e+03]|(0.03,0.1]|(5e-06,1e-05]|(5e+07,1e+08]
ParetoNetwork|PARETO|(0,1e+07]|(200,1e+03]|(0,0.03]|(1e-06,5e-06]|(1e+08,5e+08]
Helbiz|HBZ|(0,1e+07]|(200,1e+03]|(0,0.03]|(1e-06,5e-06]|(5e+08,1e+09]
MaxCoin|MAX|(0,1e+07]|(200,1e+03]|(0.03,0.1]|(1e-05,5e-05]|(5e+07,1e+08]
DAO.Casino|BET|(0,1e+07]|(200,1e+03]|(0,0.03]|(1e-06,5e-06]|(1e+08,5e+08]
CoinFi|COFI|(0,1e+07]|(200,1e+03]|(0,0.03]|(1e-06,5e-06]|(1e+08,5e+08]
WeTrust|TRST|(0,1e+07]|(200,1e+03]|(0.03,0.1]|(5e-06,1e-05]|(5e+07,1e+08]
Fidelium|FID|(0,1e+07]|(200,1e+03]|(0.03,0.1]|(5e-06,1e-05]|(1e+08,5e+08]
NPER|NPER|(0,1e+07]|(200,1e+03]|(0.03,0.1]|(1e-05,5e-05]|(1e+07,5e+07]
Zilla|ZLA|(0,1e+07]|(200,1e+03]|(0.1,0.25]|(1e-05,5e-05]|(1e+07,5e+07]
MktCoin|MLM|(0,1e+07]|(200,1e+03]|(0,0.03]|(0,1e-06]|(1e+09,1e+10]
adbank|ADB|(0,1e+07]|(200,1e+03]|(0,0.03]|(1e-06,5e-06]|(5e+08,1e+09]
Polis|POLIS|(0,1e+07]|(200,1e+03]|(1,10]|(0.0001,0.001]|(0,1e+07]
JET8|J8T|(0,1e+07]|(200,1e+03]|(0,0.03]|(1e-06,5e-06]|(1e+08,5e+08]
Curecoin|CURE|(0,1e+07]|(200,1e+03]|(0.1,0.25]|(1e-05,5e-05]|(1e+07,5e+07]
PrimalbaseToken|PBT|(0,1e+07]|(200,1e+03]|(1e+03,1e+04]|(0.05,1.01]|(0,1e+07]
Pluton|PLU|(0,1e+07]|(200,1e+03]|(1,10]|(0.0001,0.001]|(0,1e+07]
CommerceBlock|CBT|(0,1e+07]|(200,1e+03]|(0,0.03]|(1e-06,5e-06]|(1e+08,5e+08]
BlueProtocol|BLUE|(0,1e+07]|(200,1e+03]|(0.1,0.25]|(1e-05,5e-05]|(1e+07,5e+07]
Privatix|PRIX|(0,1e+07]|(200,1e+03]|(1,10]|(0.0001,0.001]|(0,1e+07]
Snovio|SNOV|(0,1e+07]|(200,1e+03]|(0,0.03]|(1e-06,5e-06]|(1e+08,5e+08]
InkProtocol|XNK|(0,1e+07]|(200,1e+03]|(0,0.03]|(1e-06,5e-06]|(1e+08,5e+08]
ColuLocalNe...|CLN|(0,1e+07]|(200,1e+03]|(0.03,0.1]|(5e-06,1e-05]|(1e+08,5e+08]
AsiaCoin|AC|(0,1e+07]|(200,1e+03]|(0,0.03]|(0,1e-06]|(1e+09,1e+10]
MorpheusLabs|MITX|(0,1e+07]|(200,1e+03]|(0,0.03]|(1e-06,5e-06]|(1e+08,5e+08]
WavesCommuni...|WCT|(0,1e+07]|(200,1e+03]|(0.25,0.5]|(5e-05,0.0001]|(0,1e+07]
Hedge|HDG|(0,1e+07]|(200,1e+03]|(1,10]|(0.0001,0.001]|(0,1e+07]
TargetCoin|TGT|(0,1e+07]|(200,1e+03]|(0,0.03]|(0,1e-06]|(5e+08,1e+09]
Stipend|SPD|(0,1e+07]|(200,1e+03]|(0.5,1]|(5e-05,0.0001]|(0,1e+07]
HEAT|HEAT|(0,1e+07]|(200,1e+03]|(0.1,0.25]|(1e-05,5e-05]|(1e+07,5e+07]
Astro|ASTRO|(0,1e+07]|(200,1e+03]|(1,10]|(0.0001,0.001]|(0,1e+07]
CircuitsofV...|COVAL|(0,1e+07]|(200,1e+03]|(0,0.03]|(0,1e-06]|(5e+08,1e+09]
Lendingblock|LND|(0,1e+07]|(200,1e+03]|(0,0.03]|(0,1e-06]|(5e+08,1e+09]
CHIPS|CHIPS|(0,1e+07]|(200,1e+03]|(0.1,0.25]|(1e-05,5e-05]|(1e+07,5e+07]
Sense|SENSE|(0,1e+07]|(200,1e+03]|(0,0.03]|(1e-06,5e-06]|(1e+08,5e+08]
Auroracoin|AUR|(0,1e+07]|(200,1e+03]|(0.25,0.5]|(5e-05,0.0001]|(0,1e+07]
Spectiv|SIG|(0,1e+07]|(200,1e+03]|(0,0.03]|(1e-06,5e-06]|(1e+08,5e+08]
MorpheusNetwork|MORPH|(0,1e+07]|(200,1e+03]|(0.1,0.25]|(1e-05,5e-05]|(1e+07,5e+07]
ThriveToken|THRT|(0,1e+07]|(200,1e+03]|(0.03,0.1]|(5e-06,1e-05]|(5e+07,1e+08]
DeviantCoin|DEV|(0,1e+07]|(200,1e+03]|(1,10]|(0.0001,0.001]|(0,1e+07]
MyBitToken|MYB|(0,1e+07]|(200,1e+03]|(0.03,0.1]|(5e-06,1e-05]|(5e+07,1e+08]
BitcoinZ|BTCZ|(0,1e+07]|(200,1e+03]|(0,0.03]|(0,1e-06]|(1e+09,1e+10]
Mysterium|MYST|(0,1e+07]|(200,1e+03]|(0.1,0.25]|(1e-05,5e-05]|(1e+07,5e+07]
ToaCoin|TOA|(0,1e+07]|(200,1e+03]|(0,0.03]|(0,1e-06]|(1e+09,1e+10]
Leadcoin|LDC|(0,1e+07]|(200,1e+03]|(0,0.03]|(0,1e-06]|(5e+08,1e+09]
Devery|EVE|(0,1e+07]|(200,1e+03]|(0.03,0.1]|(5e-06,1e-05]|(5e+07,1e+08]
Sumokoin|SUMO|(0,1e+07]|(200,1e+03]|(0.5,1]|(5e-05,0.0001]|(0,1e+07]
Mintcoin|MINT|(0,1e+07]|(200,1e+03]|(0,0.03]|(0,1e-06]|(1e+10,1e+12]
LinkerCoin|LNC|(0,1e+07]|(200,1e+03]|(0.03,0.1]|(1e-06,5e-06]|(1e+08,5e+08]
ALIS|ALIS|(0,1e+07]|(200,1e+03]|(0.03,0.1]|(1e-05,5e-05]|(1e+07,5e+07]
Sharechain|SSS|(0,1e+07]|(200,1e+03]|(0,0.03]|(0,1e-06]|(1e+09,1e+10]
VeriME|VME|(0,1e+07]|(200,1e+03]|(0,0.03]|(1e-06,5e-06]|(1e+08,5e+08]
BitStation|BSTN|(0,1e+07]|(200,1e+03]|(0,0.03]|(0,1e-06]|(1e+09,1e+10]
GladiusToken|GLA|(0,1e+07]|(200,1e+03]|(0.1,0.25]|(1e-05,5e-05]|(1e+07,5e+07]
ATBCoin|ATB|(0,1e+07]|(200,1e+03]|(0.03,0.1]|(1e-05,5e-05]|(1e+07,5e+07]
AdShares|ADST|(0,1e+07]|(200,1e+03]|(0.1,0.25]|(1e-05,5e-05]|(1e+07,5e+07]
Yocoin|YOC|(0,1e+07]|(200,1e+03]|(0,0.03]|(1e-06,5e-06]|(1e+08,5e+08]
Zippie|ZIPT|(0,1e+07]|(200,1e+03]|(0,0.03]|(1e-06,5e-06]|(1e+08,5e+08]
HOQU|HQX|(0,1e+07]|(200,1e+03]|(0,0.03]|(1e-06,5e-06]|(1e+08,5e+08]
BitcoinPlus|XBC|(0,1e+07]|(200,1e+03]|(25,100]|(0.001,0.01]|(0,1e+07]
Worldcore|WRC|(0,1e+07]|(200,1e+03]|(0,0.03]|(1e-06,5e-06]|(1e+08,5e+08]
0xBitcoin|0xBTC|(0,1e+07]|(200,1e+03]|(1,10]|(0.0001,0.001]|(0,1e+07]
Kore|KORE|(0,1e+07]|(200,1e+03]|(1,10]|(0.0001,0.001]|(0,1e+07]
1World|1WO|(0,1e+07]|(200,1e+03]|(0.1,0.25]|(1e-05,5e-05]|(1e+07,5e+07]
ArtByte|ABY|(0,1e+07]|(200,1e+03]|(0,0.03]|(0,1e-06]|(5e+08,1e+09]
Sether|SETH|(0,1e+07]|(200,1e+03]|(0.1,0.25]|(1e-05,5e-05]|(1e+07,5e+07]
Vezt|VZT|(0,1e+07]|(200,1e+03]|(0.03,0.1]|(5e-06,1e-05]|(5e+07,1e+08]
REAL|REAL|(0,1e+07]|(200,1e+03]|(0.25,0.5]|(1e-05,5e-05]|(1e+07,5e+07]
BlockArray|ARY|(0,1e+07]|(200,1e+03]|(0.03,0.1]|(5e-06,1e-05]|(5e+07,1e+08]
Syndicate|SYNX|(0,1e+07]|(200,1e+03]|(0.1,0.25]|(1e-05,5e-05]|(1e+07,5e+07]
Bela|BELA|(0,1e+07]|(200,1e+03]|(0.03,0.1]|(1e-05,5e-05]|(1e+07,5e+07]
Cryptopay|CPAY|(0,1e+07]|(200,1e+03]|(0.03,0.1]|(5e-06,1e-05]|(5e+07,1e+08]
Pesetacoin|PTC|(0,1e+07]|(200,1e+03]|(0,0.03]|(1e-06,5e-06]|(1e+08,5e+08]
Peculium|PCL|(0,1e+07]|(200,1e+03]|(0,0.03]|(0,1e-06]|(5e+08,1e+09]
HavenProtocol|XHV|(0,1e+07]|(200,1e+03]|(0.5,1]|(0.0001,0.001]|(0,1e+07]
Tokes|TKS|(0,1e+07]|(200,1e+03]|(0.5,1]|(0.0001,0.001]|(0,1e+07]
Dero|DERO|(0,1e+07]|(200,1e+03]|(1,10]|(0.0001,0.001]|(0,1e+07]
EuropeCoin|ERC|(0,1e+07]|(200,1e+03]|(0.25,0.5]|(1e-05,5e-05]|(1e+07,5e+07]
2GIVE|2GIVE|(0,1e+07]|(200,1e+03]|(0,0.03]|(0,1e-06]|(5e+08,1e+09]
Internxt|INXT|(0,1e+07]|(200,1e+03]|(1,10]|(0.0001,0.001]|(0,1e+07]
Sphere|SPHR|(0,1e+07]|(200,1e+03]|(0.5,1]|(0.0001,0.001]|(0,1e+07]
SportyCo|SPF|(0,1e+07]|(200,1e+03]|(0.03,0.1]|(5e-06,1e-05]|(5e+07,1e+08]
GoldCoin|GLD|(0,1e+07]|(200,1e+03]|(0.03,0.1]|(1e-05,5e-05]|(1e+07,5e+07]
HackspaceCap...|HAC|(0,1e+07]|(200,1e+03]|(0,0.03]|(1e-06,5e-06]|(1e+08,5e+08]
InsightsNetwork|INSTAR|(0,1e+07]|(200,1e+03]|(0,0.03]|(1e-06,5e-06]|(1e+08,5e+08]
Opus|OPT|(0,1e+07]|(200,1e+03]|(0,0.03]|(1e-06,5e-06]|(1e+08,5e+08]
OpenTrading...|OTN|(0,1e+07]|(200,1e+03]|(1,10]|(0.0001,0.001]|(0,1e+07]
Travala|AVA|(0,1e+07]|(200,1e+03]|(0.1,0.25]|(1e-05,5e-05]|(1e+07,5e+07]
ViceIndustry...|VIT|(0,1e+07]|(200,1e+03]|(0,0.03]|(1e-06,5e-06]|(1e+08,5e+08]
Experty|EXY|(0,1e+07]|(200,1e+03]|(0.1,0.25]|(1e-05,5e-05]|(1e+07,5e+07]
Dether|DTH|(0,1e+07]|(200,1e+03]|(0.03,0.1]|(5e-06,1e-05]|(5e+07,1e+08]
SpreadCoin|SPR|(0,1e+07]|(200,1e+03]|(0.25,0.5]|(1e-05,5e-05]|(1e+07,5e+07]
SharpePlatfo...|SHP|(0,1e+07]|(200,1e+03]|(0.1,0.25]|(1e-05,5e-05]|(1e+07,5e+07]
GuaranteedEt...|GETX|(0,1e+07]|(200,1e+03]|(0,0.03]|(1e-06,5e-06]|(1e+08,5e+08]
GeoCoin|GEO|(0,1e+07]|(200,1e+03]|(0.5,1]|(0.0001,0.001]|(0,1e+07]
Altcoin|ALT|(0,1e+07]|(200,1e+03]|(10,25]|(0.001,0.01]|(0,1e+07]
Payfair|PFR|(0,1e+07]|(200,1e+03]|(0.03,0.1]|(1e-06,5e-06]|(5e+07,1e+08]
Neutron|NTRN|(0,1e+07]|(200,1e+03]|(0.03,0.1]|(1e-05,5e-05]|(1e+07,5e+07]
Sociall|SCL|(0,1e+07]|(200,1e+03]|(0.1,0.25]|(1e-05,5e-05]|(1e+07,5e+07]
Starbase|STAR|(0,1e+07]|(200,1e+03]|(0,0.03]|(1e-06,5e-06]|(1e+08,5e+08]
IPExchange|IPSX|(0,1e+07]|(200,1e+03]|(0,0.03]|(0,1e-06]|(5e+08,1e+09]
InternetofP...|IOP|(0,1e+07]|(200,1e+03]|(0.5,1]|(0.0001,0.001]|(0,1e+07]
GlobalCrypto...|GCC|(0,1e+07]|(200,1e+03]|(0,0.03]|(0,1e-06]|(1e+09,1e+10]
EZToken|EZT|(0,1e+07]|(200,1e+03]|(0.1,0.25]|(1e-05,5e-05]|(1e+07,5e+07]
Auctus|AUC|(0,1e+07]|(200,1e+03]|(0.1,0.25]|(1e-05,5e-05]|(1e+07,5e+07]
NuBits|USNBT|(0,1e+07]|(200,1e+03]|(0.1,0.25]|(1e-05,5e-05]|(1e+07,5e+07]
vSlice|VSL|(0,1e+07]|(200,1e+03]|(0.03,0.1]|(1e-05,5e-05]|(1e+07,5e+07]
BuzzCoin|BUZZ|(0,1e+07]|(200,1e+03]|(0,0.03]|(0,1e-06]|(1e+10,1e+12]
Zoin|ZOI|(0,1e+07]|(200,1e+03]|(0.1,0.25]|(1e-05,5e-05]|(1e+07,5e+07]
Aditus|ADI|(0,1e+07]|(200,1e+03]|(0,0.03]|(1e-06,5e-06]|(1e+08,5e+08]
Ties.DB|TIE|(0,1e+07]|(200,1e+03]|(0.03,0.1]|(5e-06,1e-05]|(1e+07,5e+07]
Terracoin|TRC|(0,1e+07]|(200,1e+03]|(0.1,0.25]|(1e-05,5e-05]|(1e+07,5e+07]
Atmos|ATMOS|(0,1e+07]|(200,1e+03]|(0,0.03]|(1e-06,5e-06]|(1e+08,5e+08]
imbrex|REX|(0,1e+07]|(200,1e+03]|(0.25,0.5]|(1e-05,5e-05]|(0,1e+07]
TransferCoin|TX|(0,1e+07]|(200,1e+03]|(0.25,0.5]|(5e-05,0.0001]|(0,1e+07]
Blockpool|BPL|(0,1e+07]|(200,1e+03]|(0.1,0.25]|(1e-05,5e-05]|(1e+07,5e+07]
PoSWCoin|POSW|(0,1e+07]|(200,1e+03]|(0.03,0.1]|(5e-06,1e-05]|(1e+07,5e+07]
Rupaya|RUPX|(0,1e+07]|(200,1e+03]|(0.03,0.1]|(1e-05,5e-05]|(1e+07,5e+07]
UniversalCur...|UNIT|(0,1e+07]|(200,1e+03]|(0.1,0.25]|(1e-05,5e-05]|(1e+07,5e+07]
FedoraCoin|TIPS|(0,1e+07]|(200,1e+03]|(0,0.03]|(0,1e-06]|(1e+10,1e+12]
MonkeyProject|MONK|(0,1e+07]|(200,1e+03]|(1,10]|(0.0001,0.001]|(0,1e+07]
VeriumReserve|VRM|(0,1e+07]|(200,1e+03]|(1,10]|(0.0001,0.001]|(0,1e+07]
FidentiaX|FDX|(0,1e+07]|(200,1e+03]|(0,0.03]|(1e-06,5e-06]|(1e+08,5e+08]
ATLANT|ATL|(0,1e+07]|(200,1e+03]|(0.03,0.1]|(5e-06,1e-05]|(1e+07,5e+07]
IndorseToken|IND|(0,1e+07]|(200,1e+03]|(0.03,0.1]|(5e-06,1e-05]|(1e+07,5e+07]
OysterShell|SHL|(0,1e+07]|(200,1e+03]|(0,0.03]|(1e-06,5e-06]|(5e+07,1e+08]
APRCoin|APR|(0,1e+07]|(200,1e+03]|(0.5,1]|(0.0001,0.001]|(0,1e+07]
Voise|VOISE|(0,1e+07]|(200,1e+03]|(0,0.03]|(0,1e-06]|(5e+08,1e+09]
SocialSend|SEND|(0,1e+07]|(200,1e+03]|(0.03,0.1]|(1e-05,5e-05]|(1e+07,5e+07]
BioCoin|BIO|(0,1e+07]|(200,1e+03]|(0,0.03]|(0,1e-06]|(5e+08,1e+09]
Upfiring|UFR|(0,1e+07]|(200,1e+03]|(0.1,0.25]|(1e-05,5e-05]|(1e+07,5e+07]
Spectre.aiUt...|SXUT|(0,1e+07]|(200,1e+03]|(0.03,0.1]|(1e-05,5e-05]|(1e+07,5e+07]
Riecoin|RIC|(0,1e+07]|(200,1e+03]|(0.03,0.1]|(5e-06,1e-05]|(1e+07,5e+07]
BreakoutStake|BRX|(0,1e+07]|(200,1e+03]|(0.25,0.5]|(5e-05,0.0001]|(0,1e+07]
E-coin|ECN|(0,1e+07]|(200,1e+03]|(1,10]|(0.0001,0.001]|(0,1e+07]
Capricoin|CPC|(0,1e+07]|(200,1e+03]|(1,10]|(0.0001,0.001]|(0,1e+07]
Ixcoin|IXC|(0,1e+07]|(200,1e+03]|(0.1,0.25]|(1e-05,5e-05]|(1e+07,5e+07]
HelloGold|HGT|(0,1e+07]|(200,1e+03]|(0,0.03]|(1e-06,5e-06]|(1e+08,5e+08]
Zephyr|ZEPH|(0,1e+07]|(200,1e+03]|(0,0.03]|(1e-06,5e-06]|(1e+08,5e+08]
Tokia|TKA|(0,1e+07]|(200,1e+03]|(0.03,0.1]|(5e-06,1e-05]|(1e+07,5e+07]
Karbo|KRB|(0,1e+07]|(200,1e+03]|(0.25,0.5]|(5e-05,0.0001]|(0,1e+07]
Starta|STA|(0,1e+07]|(200,1e+03]|(0.25,0.5]|(5e-05,0.0001]|(0,1e+07]
ExclusiveCoin|EXCL|(0,1e+07]|(200,1e+03]|(0.25,0.5]|(5e-05,0.0001]|(0,1e+07]
Gatcoin|GAT|(0,1e+07]|(200,1e+03]|(0,0.03]|(0,1e-06]|(5e+08,1e+09]
eBoost|EBST|(0,1e+07]|(200,1e+03]|(0.1,0.25]|(1e-05,5e-05]|(1e+07,5e+07]
Zeitcoin|ZEIT|(0,1e+07]|(200,1e+03]|(0,0.03]|(0,1e-06]|(1e+10,1e+12]
EducationEco...|LEDU|(0,1e+07]|(200,1e+03]|(0,0.03]|(1e-06,5e-06]|(1e+08,5e+08]
DopeCoin|DOPE|(0,1e+07]|(200,1e+03]|(0,0.03]|(1e-06,5e-06]|(1e+08,5e+08]
Viuly|VIU|(0,1e+07]|(200,1e+03]|(0,0.03]|(0,1e-06]|(5e+08,1e+09]
FintruXNetwork|FTX|(0,1e+07]|(200,1e+03]|(0.03,0.1]|(5e-06,1e-05]|(5e+07,1e+08]
Masari|MSR|(0,1e+07]|(200,1e+03]|(0.25,0.5]|(1e-05,5e-05]|(0,1e+07]
Memetic/Pep...|MEME|(0,1e+07]|(200,1e+03]|(0.03,0.1]|(1e-05,5e-05]|(1e+07,5e+07]
Qwark|QWARK|(0,1e+07]|(200,1e+03]|(0.03,0.1]|(5e-06,1e-05]|(5e+07,1e+08]
Goodomy|GOOD|(0,1e+07]|(200,1e+03]|(0,0.03]|(0,1e-06]|(5e+08,1e+09]
Publica|PBL|(0,1e+07]|(200,1e+03]|(0.1,0.25]|(1e-05,5e-05]|(1e+07,5e+07]
FLIP|FLP|(0,1e+07]|(200,1e+03]|(0.03,0.1]|(5e-06,1e-05]|(1e+07,5e+07]
MercuryProtocol|GMT|(0,1e+07]|(200,1e+03]|(0,0.03]|(1e-06,5e-06]|(1e+08,5e+08]
MyWish|WISH|(0,1e+07]|(200,1e+03]|(0.1,0.25]|(1e-05,5e-05]|(1e+07,5e+07]
MaverickChain|MVC|(0,1e+07]|(200,1e+03]|(0,0.03]|(1e-06,5e-06]|(1e+08,5e+08]
Parkgene|GENE|(0,1e+07]|(200,1e+03]|(0,0.03]|(1e-06,5e-06]|(1e+08,5e+08]
Iungo|ING|(0,1e+07]|(200,1e+03]|(0.03,0.1]|(5e-06,1e-05]|(1e+07,5e+07]
FlypMe|FYP|(0,1e+07]|(200,1e+03]|(0.1,0.25]|(1e-05,5e-05]|(1e+07,5e+07]
HiCoin|XHI|(0,1e+07]|(200,1e+03]|(0,0.03]|(0,1e-06]|(1e+09,1e+10]
HEROcoin|PLAY|(0,1e+07]|(200,1e+03]|(0,0.03]|(1e-06,5e-06]|(1e+08,5e+08]
B3Coin|KB3|(0,1e+07]|(200,1e+03]|(0,0.03]|(0,1e-06]|(5e+08,1e+09]
HyperStake|HYP|(0,1e+07]|(200,1e+03]|(0,0.03]|(0,1e-06]|(1e+09,1e+10]
Aigang|AIX|(0,1e+07]|(200,1e+03]|(0.03,0.1]|(1e-05,5e-05]|(1e+07,5e+07]
Naviaddress|NAVI|(0,1e+07]|(200,1e+03]|(0,0.03]|(1e-06,5e-06]|(1e+08,5e+08]
CampusCoin|CMPCO|(0,1e+07]|(200,1e+03]|(0,0.03]|(0,1e-06]|(1e+08,5e+08]
Anoncoin|ANC|(0,1e+07]|(200,1e+03]|(0.5,1]|(0.0001,0.001]|(0,1e+07]
Bonpay|BON|(0,1e+07]|(200,1e+03]|(0.1,0.25]|(1e-05,5e-05]|(1e+07,5e+07]
COPYTRACK|CPY|(0,1e+07]|(200,1e+03]|(0.03,0.1]|(1e-05,5e-05]|(1e+07,5e+07]
Bitcloud|BTDX|(0,1e+07]|(200,1e+03]|(0.03,0.1]|(1e-05,5e-05]|(1e+07,5e+07]
TrakInvest|TRAK|(0,1e+07]|(200,1e+03]|(0,0.03]|(1e-06,5e-06]|(5e+07,1e+08]
Utrum|OOT|(0,1e+07]|(200,1e+03]|(0.03,0.1]|(5e-06,1e-05]|(1e+07,5e+07]
Denarius|DNR|(0,1e+07]|(200,1e+03]|(0.5,1]|(5e-05,0.0001]|(0,1e+07]
AMLT|AMLT|(0,1e+07]|(200,1e+03]|(0,0.03]|(1e-06,5e-06]|(5e+07,1e+08]
BiblePay|BBP|(0,1e+07]|(200,1e+03]|(0,0.03]|(0,1e-06]|(5e+08,1e+09]
Ethbits|ETBS|(0,1e+07]|(200,1e+03]|(1,10]|(0.0001,0.001]|(0,1e+07]
Sexcoin|SXC|(0,1e+07]|(200,1e+03]|(0,0.03]|(1e-06,5e-06]|(1e+08,5e+08]
Paymon|PMNT|(0,1e+07]|(200,1e+03]|(0,0.03]|(0,1e-06]|(5e+08,1e+09]
Coinlancer|CL|(0,1e+07]|(200,1e+03]|(0,0.03]|(1e-06,5e-06]|(5e+07,1e+08]
On.Live|ONL|(0,1e+07]|(200,1e+03]|(0.03,0.1]|(1e-05,5e-05]|(1e+07,5e+07]
Elite|1337|(0,1e+07]|(200,1e+03]|(0,0.03]|(0,1e-06]|(1e+10,1e+12]
DigixGoldToken|DGX|(0,1e+07]|(200,1e+03]|(25,100]|(0.001,0.01]|(0,1e+07]
BlockCAT|CAT|(0,1e+07]|(200,1e+03]|(0.1,0.25]|(1e-05,5e-05]|(0,1e+07]
Chainium|CHX|(0,1e+07]|(200,1e+03]|(0,0.03]|(1e-06,5e-06]|(5e+07,1e+08]
FORCE|FOR|(0,1e+07]|(200,1e+03]|(0,0.03]|(1e-06,5e-06]|(1e+08,5e+08]
UniformFisca...|UFO|(0,1e+07]|(200,1e+03]|(0,0.03]|(0,1e-06]|(1e+09,1e+10]
RefToken|REF|(0,1e+07]|(200,1e+03]|(1,10]|(0.0001,0.001]|(0,1e+07]
BlueCoin|BLU|(0,1e+07]|(200,1e+03]|(0,0.03]|(0,1e-06]|(5e+08,1e+09]
ChainCoin|CHC|(0,1e+07]|(200,1e+03]|(0.1,0.25]|(1e-05,5e-05]|(1e+07,5e+07]
RussiaCoin|RC|(0,1e+07]|(200,1e+03]|(0.1,0.25]|(1e-05,5e-05]|(0,1e+07]
Bob'sRepair|BOB|(0,1e+07]|(200,1e+03]|(0,0.03]|(1e-06,5e-06]|(5e+07,1e+08]
Hush|HUSH|(0,1e+07]|(200,1e+03]|(0.25,0.5]|(5e-05,0.0001]|(0,1e+07]
CannabisCoin|CANN|(0,1e+07]|(200,1e+03]|(0,0.03]|(1e-06,5e-06]|(5e+07,1e+08]
CryptoCarbon|CCRB|(0,1e+07]|(200,1e+03]|(0.03,0.1]|(5e-06,1e-05]|(1e+07,5e+07]
CryptoPing|PING|(0,1e+07]|(200,1e+03]|(0.1,0.25]|(1e-05,5e-05]|(0,1e+07]
Bullion|CBX|(0,1e+07]|(200,1e+03]|(1,10]|(0.0001,0.001]|(0,1e+07]
TeslaCoin|TES|(0,1e+07]|(200,1e+03]|(0,0.03]|(1e-06,5e-06]|(5e+07,1e+08]
onG.social|ONG|(0,1e+07]|(200,1e+03]|(0.03,0.1]|(5e-06,1e-05]|(1e+07,5e+07]
Hat.Exchange|HAT|(0,1e+07]|(200,1e+03]|(1,10]|(0.0001,0.001]|(0,1e+07]
Breakout|BRK|(0,1e+07]|(200,1e+03]|(0.03,0.1]|(1e-05,5e-05]|(1e+07,5e+07]
Lampix|PIX|(0,1e+07]|(200,1e+03]|(0,0.03]|(1e-06,5e-06]|(1e+08,5e+08]
DigiPulse|DGPT|(0,1e+07]|(200,1e+03]|(0.5,1]|(5e-05,0.0001]|(0,1e+07]
StarterCoin|STAC|(0,1e+07]|(200,1e+03]|(0,0.03]|(0,1e-06]|(1e+08,5e+08]
e-Gulden|EFL|(0,1e+07]|(200,1e+03]|(0.03,0.1]|(1e-05,5e-05]|(1e+07,5e+07]
EncryptoTel[...|ETT|(0,1e+07]|(200,1e+03]|(0,0.03]|(1e-06,5e-06]|(5e+07,1e+08]
Galactrum|ORE|(0,1e+07]|(200,1e+03]|(0.5,1]|(0.0001,0.001]|(0,1e+07]
EverGreenCoin|EGC|(0,1e+07]|(200,1e+03]|(0.1,0.25]|(1e-05,5e-05]|(1e+07,5e+07]
Ergo|EFYT|(0,1e+07]|(200,1e+03]|(1,10]|(0.0001,0.001]|(0,1e+07]
Crave|CRAVE|(0,1e+07]|(200,1e+03]|(0.03,0.1]|(1e-05,5e-05]|(1e+07,5e+07]
SugarExchange|SGR|(0,1e+07]|(200,1e+03]|(0.03,0.1]|(1e-05,5e-05]|(1e+07,5e+07]
Nullex|NLX|(0,1e+07]|(200,1e+03]|(0.03,0.1]|(1e-06,5e-06]|(1e+07,5e+07]
Verify|CRED|(0,1e+07]|(200,1e+03]|(0.1,0.25]|(1e-05,5e-05]|(1e+07,5e+07]
Daneel|DAN|(0,1e+07]|(200,1e+03]|(0.03,0.1]|(5e-06,1e-05]|(1e+07,5e+07]
BlitzPredict|XBP|(0,1e+07]|(200,1e+03]|(0,0.03]|(0,1e-06]|(1e+08,5e+08]
Quark|QRK|(0,1e+07]|(200,1e+03]|(0,0.03]|(0,1e-06]|(1e+08,5e+08]
LOCIcoin|LOCI|(0,1e+07]|(200,1e+03]|(0.03,0.1]|(5e-06,1e-05]|(1e+07,5e+07]
AudioCoin|ADC|(0,1e+07]|(200,1e+03]|(0,0.03]|(0,1e-06]|(5e+08,1e+09]
Bigbom|BBO|(0,1e+07]|(200,1e+03]|(0,0.03]|(0,1e-06]|(1e+08,5e+08]
EventChain|EVC|(0,1e+07]|(200,1e+03]|(0.03,0.1]|(5e-06,1e-05]|(1e+07,5e+07]
808Coin|808|(0,1e+07]|(200,1e+03]|(0,0.03]|(0,1e-06]|(1e+10,1e+12]
HunterCoin|HUC|(0,1e+07]|(200,1e+03]|(0.03,0.1]|(5e-06,1e-05]|(1e+07,5e+07]
Carboncoin|CARBON|(0,1e+07]|(200,1e+03]|(0,0.03]|(0,1e-06]|(1e+10,1e+12]
XGOX|XGOX|(0,1e+07]|(200,1e+03]|(0,0.03]|(0,1e-06]|(1e+09,1e+10]
Argentum|ARG|(0,1e+07]|(200,1e+03]|(0.1,0.25]|(1e-05,5e-05]|(0,1e+07]
SkinCoin|SKIN|(0,1e+07]|(200,1e+03]|(0,0.03]|(1e-06,5e-06]|(5e+07,1e+08]
Ace|ACE|(0,1e+07]|(200,1e+03]|(0.1,0.25]|(1e-05,5e-05]|(0,1e+07]
Autonio|NIO|(0,1e+07]|(200,1e+03]|(0,0.03]|(1e-06,5e-06]|(5e+07,1e+08]
FantasyGold|FGC|(0,1e+07]|(200,1e+03]|(0.1,0.25]|(1e-05,5e-05]|(0,1e+07]
SyncFab|MFG|(0,1e+07]|(200,1e+03]|(0,0.03]|(1e-06,5e-06]|(1e+08,5e+08]
FundRequest|FND|(0,1e+07]|(200,1e+03]|(0.03,0.1]|(5e-06,1e-05]|(1e+07,5e+07]
MicroMoney|AMM|(0,1e+07]|(200,1e+03]|(0.1,0.25]|(1e-05,5e-05]|(1e+07,5e+07]
PHIToken|PHI|(0,1e+07]|(200,1e+03]|(0.1,0.25]|(1e-05,5e-05]|(0,1e+07]
MonsterByte|MBI|(0,1e+07]|(200,1e+03]|(0.03,0.1]|(1e-05,5e-05]|(1e+07,5e+07]
StellarHoldings|HOLD|(0,1e+07]|(200,1e+03]|(0,0.03]|(0,1e-06]|(5e+08,1e+09]
Creativecoin|CREA|(0,1e+07]|(200,1e+03]|(0.03,0.1]|(1e-05,5e-05]|(1e+07,5e+07]
BoutsPro|BOUTS|(0,1e+07]|(200,1e+03]|(0,0.03]|(1e-06,5e-06]|(5e+07,1e+08]
Tokenbox|TBX|(0,1e+07]|(200,1e+03]|(0.1,0.25]|(1e-05,5e-05]|(1e+07,5e+07]
LiteDoge|LDOGE|(0,1e+07]|(200,1e+03]|(0,0.03]|(0,1e-06]|(1e+10,1e+12]
Stellite|XTL|(0,1e+07]|(200,1e+03]|(0,0.03]|(0,1e-06]|(1e+09,1e+10]
NEVERDIE|NDC|(0,1e+07]|(200,1e+03]|(0,0.03]|(1e-06,5e-06]|(1e+07,5e+07]
I0Coin|I0C|(0,1e+07]|(200,1e+03]|(0.03,0.1]|(5e-06,1e-05]|(1e+07,5e+07]
Xenon|XNN|(0,1e+07]|(200,1e+03]|(0,0.03]|(0,1e-06]|(1e+08,5e+08]
Chronologic|DAY|(0,1e+07]|(200,1e+03]|(1,10]|(0.0001,0.001]|(0,1e+07]
Ethorse|HORSE|(0,1e+07]|(200,1e+03]|(0,0.03]|(1e-06,5e-06]|(1e+08,5e+08]
PutinCoin|PUT|(0,1e+07]|(200,1e+03]|(0,0.03]|(0,1e-06]|(1e+08,5e+08]
TrustPlus|TRUST|(0,1e+07]|(200,1e+03]|(0.03,0.1]|(5e-06,1e-05]|(1e+07,5e+07]
WeAreSatoshi|WSX|(0,1e+07]|(200,1e+03]|(0.03,0.1]|(5e-06,1e-05]|(1e+07,5e+07]
PylonNetwork|PYLNT|(0,1e+07]|(200,1e+03]|(1,10]|(0.0001,0.001]|(0,1e+07]
eBitcoin|EBTC|(0,1e+07]|(200,1e+03]|(0.03,0.1]|(5e-06,1e-05]|(1e+07,5e+07]
Vsync|VSX|(0,1e+07]|(200,1e+03]|(0,0.03]|(1e-06,5e-06]|(1e+08,5e+08]
BunnyCoin|BUN|(0,1e+07]|(200,1e+03]|(0,0.03]|(0,1e-06]|(1e+10,1e+12]
FabricToken|FT|(0,1e+07]|(200,1e+03]|(0.03,0.1]|(5e-06,1e-05]|(1e+07,5e+07]
Digitalcoin|DGC|(0,1e+07]|(200,1e+03]|(0.03,0.1]|(5e-06,1e-05]|(1e+07,5e+07]
Jiyo|JIYO|(0,1e+07]|(200,1e+03]|(0,0.03]|(1e-06,5e-06]|(1e+07,5e+07]
Tracto|TRCT|(0,1e+07]|(200,1e+03]|(0.03,0.1]|(5e-06,1e-05]|(1e+07,5e+07]
Kobocoin|KOBO|(0,1e+07]|(200,1e+03]|(0.03,0.1]|(5e-06,1e-05]|(1e+07,5e+07]
Condensate|RAIN|(0,1e+07]|(200,1e+03]|(0,0.03]|(0,1e-06]|(1e+08,5e+08]
Invacio|INV|(0,1e+07]|(200,1e+03]|(0,0.03]|(1e-06,5e-06]|(1e+07,5e+07]
KanadeCoin|KNDC|(0,1e+07]|(200,1e+03]|(0,0.03]|(0,1e-06]|(1e+09,1e+10]
GoldMint|MNTP|(0,1e+07]|(200,1e+03]|(0.5,1]|(5e-05,0.0001]|(0,1e+07]
Version|V|(0,1e+07]|(200,1e+03]|(0,0.03]|(0,1e-06]|(5e+08,1e+09]
IntenseCoin|ITNS|(0,1e+07]|(200,1e+03]|(0,0.03]|(0,1e-06]|(1e+08,5e+08]
DigitalPrice|DP|(0,1e+07]|(200,1e+03]|(0.03,0.1]|(5e-06,1e-05]|(1e+07,5e+07]
OPCoin|OPC|(0,1e+07]|(200,1e+03]|(0,0.03]|(0,1e-06]|(1e+09,1e+10]
JesusCoin|JC|(0,1e+07]|(200,1e+03]|(0,0.03]|(0,1e-06]|(1e+10,1e+12]
Biotron|BTRN|(0,1e+07]|(200,1e+03]|(0.03,0.1]|(5e-06,1e-05]|(1e+07,5e+07]
CommodityAd...|CDX|(0,1e+07]|(200,1e+03]|(0.03,0.1]|(1e-06,5e-06]|(1e+07,5e+07]
BitWhite|BTW|(0,1e+07]|(200,1e+03]|(0,0.03]|(1e-06,5e-06]|(1e+07,5e+07]
42-coin|42|(0,1e+07]|(200,1e+03]|||(0,1e+07]
Monoeci|XMCC|(0,1e+07]|(200,1e+03]|(0.1,0.25]|(1e-05,5e-05]|(0,1e+07]
Bitswift|BITS|(0,1e+07]|(200,1e+03]|(0.25,0.5]|(1e-05,5e-05]|(0,1e+07]
Magi|XMG|(0,1e+07]|(200,1e+03]|(0.1,0.25]|(1e-05,5e-05]|(0,1e+07]
BelugaPay|BBI|(0,1e+07]|(200,1e+03]|(0.1,0.25]|(1e-05,5e-05]|(0,1e+07]
Amon|AMN|(0,1e+07]|(200,1e+03]|(0,0.03]|(0,1e-06]|(1e+08,5e+08]
Zero|ZER|(0,1e+07]|(200,1e+03]|(0.25,0.5]|(1e-05,5e-05]|(0,1e+07]
Creditbit|CRB|(0,1e+07]|(200,1e+03]|(0.03,0.1]|(5e-06,1e-05]|(1e+07,5e+07]
IncaKoin|NKA|(0,1e+07]|(200,1e+03]|(0,0.03]|(0,1e-06]|(1e+10,1e+12]
WandX|WAND|(0,1e+07]|(200,1e+03]|(0.03,0.1]|(1e-05,5e-05]|(1e+07,5e+07]
HireMatch|HIRE|(0,1e+07]|(200,1e+03]|(0.03,0.1]|(1e-06,5e-06]|(1e+07,5e+07]
Etheriya|RIYA|(0,1e+07]|(200,1e+03]|(0.5,1]|(5e-05,0.0001]|(0,1e+07]
Bytecent|BYC|(0,1e+07]|(200,1e+03]|(0.25,0.5]|(5e-05,0.0001]|(0,1e+07]
DraftCoin|DFT|(0,1e+07]|(200,1e+03]|(0.1,0.25]|(1e-05,5e-05]|(0,1e+07]
NobleCoin|NOBL|(0,1e+07]|(200,1e+03]|(0,0.03]|(0,1e-06]|(1e+09,1e+10]
CanadaeCoin|CDN|(0,1e+07]|(200,1e+03]|(0,0.03]|(1e-06,5e-06]|(5e+07,1e+08]
Photon|PHO|(0,1e+07]|(200,1e+03]|(0,0.03]|(0,1e-06]|(1e+10,1e+12]
Obsidian|ODN|(0,1e+07]|(200,1e+03]|(0.03,0.1]|(5e-06,1e-05]|(1e+07,5e+07]
Miners'Rewar...|MRT|(0,1e+07]|(200,1e+03]|(0.03,0.1]|(1e-05,5e-05]|(0,1e+07]
TokenStars|TEAM|(0,1e+07]|(200,1e+03]|(0.03,0.1]|(1e-05,5e-05]|(0,1e+07]
CryCash|CRC|(0,1e+07]|(200,1e+03]|(0.1,0.25]|(1e-05,5e-05]|(0,1e+07]
Megacoin|MEC|(0,1e+07]|(200,1e+03]|(0,0.03]|(1e-06,5e-06]|(1e+07,5e+07]
MagicCoin|MAGE|(0,1e+07]|(200,1e+03]|(0.1,0.25]|(1e-05,5e-05]|(0,1e+07]
Bitmark|BTM|(0,1e+07]|(200,1e+03]|(0.03,0.1]|(1e-05,5e-05]|(0,1e+07]
TrezarCoin|TZC|(0,1e+07]|(200,1e+03]|(0,0.03]|(1e-06,5e-06]|(5e+07,1e+08]
Farad|FRD|(0,1e+07]|(200,1e+03]|(0,0.03]|(0,1e-06]|(1e+08,5e+08]
PlatinumBAR|XPTX|(0,1e+07]|(200,1e+03]|(0.5,1]|(0.0001,0.001]|(0,1e+07]
SovereignHero|HERO|(0,1e+07]|(200,1e+03]|(100,500]|(0.01,0.05]|(0,1e+07]
Vulcano|VULC|(0,1e+07]|(200,1e+03]|(0,0.03]|(0,1e-06]|(1e+09,1e+10]
WorldCoin|WDC|(0,1e+07]|(200,1e+03]|(0,0.03]|(1e-06,5e-06]|(1e+08,5e+08]
Orbitcoin|ORB|(0,1e+07]|(200,1e+03]|(0.25,0.5]|(1e-05,5e-05]|(0,1e+07]
KekCoin|KEK|(0,1e+07]|(200,1e+03]|(0.03,0.1]|(1e-05,5e-05]|(1e+07,5e+07]
Masternodecoin|MTNC|(0,1e+07]|(200,1e+03]|(0,0.03]|(1e-06,5e-06]|(5e+07,1e+08]
Woodcoin|LOG|(0,1e+07]|(200,1e+03]|(0.1,0.25]|(1e-05,5e-05]|(0,1e+07]
Bowhead|AHT|(0,1e+07]|(200,1e+03]|(0.1,0.25]|(1e-05,5e-05]|(0,1e+07]
Fantomcoin|FCN|(0,1e+07]|(200,1e+03]|(0.1,0.25]|(1e-05,5e-05]|(0,1e+07]
EquiTrader|EQT|(0,1e+07]|(200,1e+03]|(0.03,0.1]|(1e-05,5e-05]|(1e+07,5e+07]
Motocoin|MOTO|(0,1e+07]|(200,1e+03]|(0.03,0.1]|(5e-06,1e-05]|(1e+07,5e+07]
SignalsNetwork|SGN|(0,1e+07]|(200,1e+03]|(0,0.03]|(1e-06,5e-06]|(5e+07,1e+08]
Unitus|UIS|(0,1e+07]|(200,1e+03]|(0,0.03]|(1e-06,5e-06]|(5e+07,1e+08]
DixAsset|DIX|(0,1e+07]|(200,1e+03]|(0,0.03]|(0,1e-06]|(1e+10,1e+12]
Adzcoin|ADZ|(0,1e+07]|(200,1e+03]|(0,0.03]|(1e-06,5e-06]|(1e+07,5e+07]
Universe|UNI|(0,1e+07]|(200,1e+03]|(0,0.03]|(1e-06,5e-06]|(1e+07,5e+07]
EtherSportz|ESZ|(0,1e+07]|(200,1e+03]|(0.1,0.25]|(1e-05,5e-05]|(0,1e+07]
TidexToken|TDX|(0,1e+07]|(200,1e+03]|(0.03,0.1]|(1e-05,5e-05]|(0,1e+07]
EarthToken|EARTH|(0,1e+07]|(200,1e+03]|(0,0.03]|(0,1e-06]|(1e+08,5e+08]
UnbreakableCoin|UNB|(0,1e+07]|(200,1e+03]|(0.25,0.5]|(1e-05,5e-05]|(0,1e+07]
Ignition|IC|(0,1e+07]|(200,1e+03]|(1,10]|(0.0001,0.001]|(0,1e+07]
STRAKS|STAK|(0,1e+07]|(200,1e+03]|(0.1,0.25]|(1e-05,5e-05]|(0,1e+07]
VIVO|VIVO|(0,1e+07]|(200,1e+03]|(0.25,0.5]|(5e-05,0.0001]|(0,1e+07]
PeepCoin|PCN|(0,1e+07]|(200,1e+03]|(0,0.03]|(0,1e-06]|(1e+10,1e+12]
EthereumMovi...|EMV|(0,1e+07]|(200,1e+03]|(0.1,0.25]|(1e-05,5e-05]|(0,1e+07]
Shekel|JEW|(0,1e+07]|(200,1e+03]|(0,0.03]|(1e-06,5e-06]|(1e+08,5e+08]
Zetacoin|ZET|(0,1e+07]|(200,1e+03]|(0,0.03]|(0,1e-06]|(1e+08,5e+08]
NuShares|NSR|(0,1e+07]|(200,1e+03]|(0,0.03]|(0,1e-06]|(1e+09,1e+10]
InPay|INPAY|(0,1e+07]|(200,1e+03]|(0.03,0.1]|(1e-05,5e-05]|(0,1e+07]
LiveStars|LIVE|(0,1e+07]|(200,1e+03]|(0,0.03]|(1e-06,5e-06]|(1e+07,5e+07]
SpeedMining...|SMS|(0,1e+07]|(200,1e+03]|(1,10]|(0.001,0.01]|(0,1e+07]
Bitdeal|BDL|(0,1e+07]|(200,1e+03]|(0,0.03]|(0,1e-06]|(1e+08,5e+08]
EBCH|EBCH|(0,1e+07]|(200,1e+03]|(0.03,0.1]|(1e-05,5e-05]|(0,1e+07]
ZINC|ZINC|(0,1e+07]|(200,1e+03]|(0.1,0.25]|(1e-05,5e-05]|(0,1e+07]
Magnet|MAG|(0,1e+07]|(200,1e+03]|(0,0.03]|(1e-06,5e-06]|(1e+07,5e+07]
Blocklancer|LNC|(0,1e+07]|(200,1e+03]|(0,0.03]|(0,1e-06]|(1e+08,5e+08]
Dinastycoin|DCY|(0,1e+07]|(200,1e+03]|(0,0.03]|(0,1e-06]|(1e+09,1e+10]
Cazcoin|CAZ|(0,1e+07]|(200,1e+03]|(0,0.03]|(1e-06,5e-06]|(1e+07,5e+07]
bitJob|STU|(0,1e+07]|(200,1e+03]|(0,0.03]|(1e-06,5e-06]|(1e+07,5e+07]
Darcrus|DAR|(0,1e+07]|(200,1e+03]|(0.03,0.1]|(5e-06,1e-05]|(1e+07,5e+07]
ConnectJob|CJT|(0,1e+07]|(200,1e+03]|(0,0.03]|(0,1e-06]|(1e+08,5e+08]
Ellaism|ELLA|(0,1e+07]|(200,1e+03]|(0.03,0.1]|(1e-05,5e-05]|(0,1e+07]
Authorship|ATS|(0,1e+07]|(200,1e+03]|(0,0.03]|(0,1e-06]|(5e+07,1e+08]
Machinecoin|MAC|(0,1e+07]|(200,1e+03]|(0.03,0.1]|(1e-06,5e-06]|(1e+07,5e+07]
InflationCoin|IFLT|(0,1e+07]|(200,1e+03]|(0,0.03]|(0,1e-06]|(1e+10,1e+12]
TheCypherfunks|FUNK|(0,1e+07]|(200,1e+03]|(0,0.03]|(0,1e-06]|(1e+10,1e+12]
DatariusCredit|DTRC|(0,1e+07]|(200,1e+03]|(0,0.03]|(0,1e-06]|(1e+08,5e+08]
Emphy|EPY|(0,1e+07]|(200,1e+03]|(0.03,0.1]|(1e-05,5e-05]|(0,1e+07]
MAZA|MAZA|(0,1e+07]|(200,1e+03]|(0,0.03]|(0,1e-06]|(1e+09,1e+10]
Kolion|KLN|(0,1e+07]|(200,1e+03]|(0.5,1]|(0.0001,0.001]|(0,1e+07]
FirstCoin|FRST|(0,1e+07]|(200,1e+03]|(0,0.03]|(1e-06,5e-06]|(1e+07,5e+07]
MoreCoin|MORE|(0,1e+07]|(200,1e+03]|(0.25,0.5]|(1e-05,5e-05]|(0,1e+07]
Transcodium|TNS|(0,1e+07]|(200,1e+03]|(0,0.03]|(1e-06,5e-06]|(1e+07,5e+07]
Manna|MANNA|(0,1e+07]|(200,1e+03]|(0,0.03]|(0,1e-06]|(1e+08,5e+08]
Innova|INN|(0,1e+07]|(200,1e+03]|(0.1,0.25]|(1e-05,5e-05]|(0,1e+07]
Renos|RNS|(0,1e+07]|(200,1e+03]|(0,0.03]|(1e-06,5e-06]|(1e+07,5e+07]
Musiconomi|MCI|(0,1e+07]|(200,1e+03]|(0,0.03]|(1e-06,5e-06]|(1e+07,5e+07]
Suretly|SUR|(0,1e+07]|(200,1e+03]|(1,10]|(0.0001,0.001]|(0,1e+07]
Origami|ORI|(0,1e+07]|(200,1e+03]|(0.1,0.25]|(1e-05,5e-05]|(0,1e+07]
MetalCoin|METAL|(0,1e+07]|(200,1e+03]|(0,0.03]|(1e-06,5e-06]|(5e+07,1e+08]
UniCoin|UNIC|(0,1e+07]|(200,1e+03]|(0.1,0.25]|(1e-05,5e-05]|(0,1e+07]
FantasyCash|FANS|(0,1e+07]|(200,1e+03]|(0.1,0.25]|(1e-05,5e-05]|(0,1e+07]
UnitedCrypto...|UCOM|(0,1e+07]|(200,1e+03]|(0.25,0.5]|(5e-05,0.0001]|(0,1e+07]
Qvolta|QVT|(0,1e+07]|(200,1e+03]|(0.03,0.1]|(1e-05,5e-05]|(0,1e+07]
NetCoin|NET|(0,1e+07]|(200,1e+03]|(0,0.03]|(0,1e-06]|(5e+08,1e+09]
vTorrent|VTR|(0,1e+07]|(200,1e+03]|(0.03,0.1]|(5e-06,1e-05]|(1e+07,5e+07]
Bitzeny|ZNY|(0,1e+07]|(200,1e+03]|(0,0.03]|(1e-06,5e-06]|(5e+07,1e+08]
